sesi,tahap,sasaran_deg,arah,encoder_deg,galat_deg
2026-08-12T14:12,BATAL-magnet-copot,-50.0,naik,-50.190,-0.190
2026-08-12T14:12,BATAL-magnet-copot,-50.0,turun,-49.764,+0.236
2026-08-12T14:12,BATAL-magnet-copot,0.0,naik,-0.163,-0.163
2026-08-12T14:12,BATAL-magnet-copot,0.0,turun,0.201,+0.201
2026-08-12T14:12,BATAL-magnet-copot,50.0,naik,49.836,-0.164
2026-08-12T14:12,BATAL-magnet-copot,50.0,turun,50.282,+0.282
2026-08-12T14:23,magnet-terpasang,-50.0,naik,-50.190,-0.190
2026-08-12T14:23,magnet-terpasang,-50.0,turun,-49.827,+0.173
2026-08-12T14:23,magnet-terpasang,0.0,naik,-0.180,-0.180
2026-08-12T14:23,magnet-terpasang,0.0,turun,0.226,+0.226
2026-08-12T14:23,magnet-terpasang,50.0,naik,49.830,-0.170
2026-08-12T14:23,magnet-terpasang,50.0,turun,50.190,+0.190
