sesi,tahap,perintah_deg,encoder_deg,agc,magnitude,md,ml,mh
2026-08-12T14:20,magnet-terpasang,-60.00,-59.770,103,2055,1,0,0
2026-08-12T14:20,magnet-terpasang,-40.00,-40.183,103,2091,1,0,0
2026-08-12T14:20,magnet-terpasang,-20.00,-20.210,103,2141,1,0,0
2026-08-12T14:20,magnet-terpasang,0.00,-0.256,101,2093,1,0,0
2026-08-12T14:20,magnet-terpasang,20.00,19.860,101,2075,1,0,0
2026-08-12T14:20,magnet-terpasang,40.00,39.810,103,2083,1,0,0
2026-08-12T14:20,magnet-terpasang,60.00,59.850,103,2096,1,0,0
2026-08-12T14:22,magnet-terpasang,-80.00,-79.800,103,2099,1,0,0
2026-08-12T14:22,magnet-terpasang,-40.00,-40.221,103,2090,1,0,0
2026-08-12T14:22,magnet-terpasang,0.00,-0.175,101,2119,1,0,0
2026-08-12T14:22,magnet-terpasang,40.00,39.810,103,2082,1,0,0
2026-08-12T14:22,magnet-terpasang,80.00,79.720,103,2070,1,0,0
