sesi,tahap,ulangan,arah,sasaran_deg,encoder_deg,galat_deg
2026-08-12T14:08,BATAL-magnet-copot,1,naik,0.00,0.000,+0.000
2026-08-12T14:08,BATAL-magnet-copot,1,turun,0.00,0.000,+0.000
2026-08-12T14:08,BATAL-magnet-copot,2,naik,0.00,0.000,+0.000
2026-08-12T14:08,BATAL-magnet-copot,2,turun,0.00,0.000,+0.000
2026-08-12T14:08,BATAL-magnet-copot,3,naik,0.00,0.000,+0.000
2026-08-12T14:08,BATAL-magnet-copot,3,turun,0.00,0.000,+0.000
2026-08-12T14:08,BATAL-magnet-copot,4,naik,0.00,0.000,+0.000
2026-08-12T14:08,BATAL-magnet-copot,4,turun,0.00,0.000,+0.000
2026-08-12T14:08,BATAL-magnet-copot,5,naik,0.00,0.000,+0.000
2026-08-12T14:08,BATAL-magnet-copot,5,turun,0.00,0.000,+0.000
