sesi,tahap,arah,perintah_deg,encoder_deg,galat_deg,sisa_linier_deg,rasio_terpasang,microstep
2026-08-12T14:07,BATAL-magnet-copot,naik,-30.000,-30.410,-0.410,0.073,30,16
2026-08-12T14:07,BATAL-magnet-copot,naik,-22.500,-22.850,-0.350,0.117,30,16
2026-08-12T14:07,BATAL-magnet-copot,naik,-15.000,-15.730,-0.730,-0.279,30,16
2026-08-12T14:07,BATAL-magnet-copot,naik,-7.500,-8.350,-0.850,-0.415,30,16
2026-08-12T14:07,BATAL-magnet-copot,naik,0.000,-0.000,-0.000,0.419,30,16
2026-08-12T14:07,BATAL-magnet-copot,naik,7.500,7.210,-0.290,0.113,30,16
2026-08-12T14:07,BATAL-magnet-copot,naik,15.000,14.770,-0.230,0.157,30,16
2026-08-12T14:07,BATAL-magnet-copot,naik,22.500,22.150,-0.350,0.021,30,16
2026-08-12T14:07,BATAL-magnet-copot,naik,30.000,29.440,-0.560,-0.205,30,16
2026-08-12T14:18,magnet-terpasang,naik,-30.000,-30.230,-0.230,0.104,30,16
2026-08-12T14:18,magnet-terpasang,naik,-22.500,-22.850,-0.350,-0.021,30,16
2026-08-12T14:18,magnet-terpasang,naik,-15.000,-15.470,-0.470,-0.147,30,16
2026-08-12T14:18,magnet-terpasang,naik,-7.500,-8.000,-0.500,-0.182,30,16
2026-08-12T14:18,magnet-terpasang,naik,0.000,-0.260,-0.260,0.052,30,16
2026-08-12T14:18,magnet-terpasang,naik,7.500,7.380,-0.120,0.187,30,16
2026-08-12T14:18,magnet-terpasang,naik,15.000,14.850,-0.150,0.151,30,16
2026-08-12T14:18,magnet-terpasang,naik,22.500,22.240,-0.260,0.036,30,16
2026-08-12T14:18,magnet-terpasang,naik,30.000,29.530,-0.470,-0.180,30,16
