state,sample,period_ms
idle,1,4.28
idle,2,4.18
idle,3,3.78
idle,4,4.00
idle,5,3.46
idle,6,4.94
idle,7,3.58
idle,8,3.03
idle,9,3.74
idle,10,4.40
idle,11,4.54
idle,12,4.24
idle,13,3.03
idle,14,3.16
idle,15,3.80
idle,16,3.58
idle,17,5.34
idle,18,4.55
idle,19,3.43
idle,20,2.76
idle,21,3.38
idle,22,4.29
idle,23,5.06
idle,24,3.12
idle,25,3.35
idle,26,4.11
idle,27,2.77
idle,28,4.70
idle,29,3.65
idle,30,3.66
idle,31,3.70
idle,32,3.80
idle,33,2.86
idle,34,4.45
idle,35,4.64
idle,36,3.61
idle,37,3.46
idle,38,2.61
idle,39,4.18
idle,40,3.21
idle,41,3.83
idle,42,4.63
idle,43,2.90
idle,44,4.07
idle,45,3.77
idle,46,3.30
idle,47,3.23
idle,48,2.95
idle,49,3.64
idle,50,5.03
idle,51,4.16
idle,52,3.99
idle,53,3.47
idle,54,3.42
idle,55,2.69
idle,56,4.63
idle,57,3.40
idle,58,2.82
idle,59,4.18
idle,60,3.54
idle,61,4.14
idle,62,4.26
idle,63,3.09
idle,64,3.37
idle,65,2.99
idle,66,3.24
idle,67,4.13
idle,68,4.21
idle,69,3.22
idle,70,3.61
idle,71,3.59
idle,72,3.09
idle,73,4.66
idle,74,3.98
idle,75,3.09
idle,76,3.98
idle,77,3.00
idle,78,5.02
idle,79,3.25
idle,80,3.55
idle,81,2.97
idle,82,2.85
idle,83,3.27
idle,84,5.65
idle,85,2.62
idle,86,4.11
idle,87,3.27
idle,88,4.30
idle,89,4.81
idle,90,2.21
idle,91,3.09
idle,92,2.36
idle,93,4.27
idle,94,2.95
idle,95,4.38
idle,96,3.21
idle,97,3.35
idle,98,3.62
idle,99,2.78
idle,100,4.51
idle,101,2.63
idle,102,4.03
idle,103,3.95
idle,104,3.82
idle,105,4.04
idle,106,4.73
idle,107,4.57
idle,108,3.74
idle,109,3.12
idle,110,4.81
idle,111,3.25
idle,112,4.27
idle,113,2.62
idle,114,3.19
idle,115,3.58
idle,116,4.11
idle,117,5.66
idle,118,2.67
idle,119,3.90
idle,120,4.94
idle,121,4.23
idle,122,3.82
idle,123,5.02
idle,124,3.21
idle,125,2.86
idle,126,3.49
idle,127,3.75
idle,128,3.71
idle,129,3.48
idle,130,4.39
idle,131,3.37
idle,132,4.66
idle,133,3.81
idle,134,4.83
idle,135,2.54
idle,136,2.53
idle,137,3.20
idle,138,3.20
idle,139,5.96
idle,140,2.60
idle,141,3.63
idle,142,4.05
idle,143,3.45
idle,144,3.51
idle,145,4.58
idle,146,3.74
idle,147,3.61
idle,148,3.01
idle,149,3.87
idle,150,5.14
idle,151,2.89
idle,152,3.56
idle,153,2.19
idle,154,3.23
idle,155,2.80
idle,156,4.08
idle,157,2.37
idle,158,3.51
idle,159,4.66
idle,160,3.15
idle,161,3.84
idle,162,4.53
idle,163,3.18
idle,164,2.78
idle,165,3.81
idle,166,3.07
idle,167,4.31
idle,168,4.05
idle,169,3.41
idle,170,3.12
idle,171,4.12
idle,172,3.49
idle,173,4.99
idle,174,3.85
idle,175,3.65
idle,176,3.70
idle,177,3.79
idle,178,5.58
idle,179,3.39
idle,180,3.97
idle,181,3.69
idle,182,4.04
idle,183,4.84
idle,184,5.06
idle,185,3.07
idle,186,3.35
idle,187,3.66
idle,188,3.40
idle,189,4.86
idle,190,4.68
idle,191,4.16
idle,192,3.91
idle,193,3.80
idle,194,4.13
idle,195,5.16
idle,196,3.41
idle,197,3.84
idle,198,3.82
idle,199,3.33
idle,200,4.67
idle,201,3.22
idle,202,3.29
idle,203,3.21
idle,204,3.99
idle,205,4.18
idle,206,6.26
idle,207,4.49
idle,208,3.11
idle,209,3.00
idle,210,3.36
idle,211,4.51
idle,212,4.04
idle,213,3.76
idle,214,3.74
idle,215,3.00
idle,216,3.04
idle,217,3.80
idle,218,4.09
idle,219,2.17
idle,220,4.12
idle,221,2.82
idle,222,4.50
idle,223,4.11
idle,224,3.96
idle,225,2.94
idle,226,3.25
idle,227,3.62
idle,228,4.77
idle,229,2.85
idle,230,2.91
idle,231,2.87
idle,232,3.28
idle,233,3.66
idle,234,3.98
idle,235,2.76
idle,236,3.73
idle,237,3.39
idle,238,4.22
idle,239,4.97
idle,240,4.15
idle,241,3.61
idle,242,2.68
idle,243,4.29
idle,244,2.46
idle,245,4.59
idle,246,4.33
idle,247,2.98
idle,248,3.84
idle,249,4.17
idle,250,4.12
idle,251,4.01
idle,252,4.66
idle,253,3.91
idle,254,3.84
idle,255,3.63
idle,256,5.10
idle,257,3.28
idle,258,3.67
idle,259,3.67
idle,260,3.76
idle,261,3.73
idle,262,4.33
idle,263,3.69
idle,264,4.74
idle,265,3.80
idle,266,4.12
idle,267,3.82
idle,268,4.35
idle,269,3.37
idle,270,3.73
idle,271,4.06
idle,272,4.18
idle,273,3.85
idle,274,3.37
idle,275,3.40
idle,276,4.78
idle,277,3.91
idle,278,5.26
idle,279,3.51
idle,280,3.57
idle,281,3.36
idle,282,4.00
idle,283,3.59
idle,284,4.45
idle,285,2.91
idle,286,3.53
idle,287,3.54
idle,288,3.65
idle,289,5.64
idle,290,3.76
idle,291,4.06
idle,292,3.51
idle,293,3.19
idle,294,3.72
idle,295,3.78
idle,296,3.52
idle,297,3.27
idle,298,3.78
idle,299,3.78
idle,300,5.33
idle,301,4.48
idle,302,3.99
idle,303,2.49
idle,304,2.78
idle,305,3.97
idle,306,3.99
idle,307,4.15
idle,308,3.86
idle,309,3.77
idle,310,2.93
idle,311,2.51
idle,312,4.25
idle,313,3.64
idle,314,3.64
idle,315,4.40
idle,316,3.28
idle,317,4.23
idle,318,3.67
idle,319,3.73
idle,320,3.31
idle,321,3.58
idle,322,4.06
idle,323,4.05
idle,324,3.34
idle,325,3.53
idle,326,3.22
idle,327,2.70
idle,328,5.14
idle,329,3.55
idle,330,3.03
idle,331,3.72
idle,332,4.32
idle,333,3.38
idle,334,4.48
idle,335,3.66
idle,336,3.89
idle,337,3.21
idle,338,3.36
idle,339,4.62
idle,340,3.66
idle,341,2.80
idle,342,3.17
idle,343,3.12
idle,344,3.00
idle,345,3.54
idle,346,3.72
idle,347,3.28
idle,348,3.32
idle,349,3.85
idle,350,4.33
idle,351,3.20
idle,352,4.10
idle,353,3.96
idle,354,4.72
idle,355,4.29
idle,356,4.17
idle,357,3.65
idle,358,2.98
idle,359,3.79
idle,360,4.23
idle,361,3.74
idle,362,5.32
idle,363,3.35
idle,364,3.23
idle,365,3.44
idle,366,3.06
idle,367,3.26
idle,368,3.38
idle,369,3.94
idle,370,4.13
idle,371,4.00
idle,372,4.20
idle,373,5.05
idle,374,3.00
idle,375,3.30
idle,376,2.93
idle,377,4.17
idle,378,5.11
idle,379,2.86
idle,380,4.28
idle,381,3.41
idle,382,3.81
idle,383,4.17
idle,384,5.09
idle,385,3.36
idle,386,3.42
idle,387,3.66
idle,388,3.68
idle,389,4.71
idle,390,3.66
idle,391,4.03
idle,392,3.38
idle,393,4.02
idle,394,3.43
idle,395,4.37
idle,396,3.15
idle,397,2.91
idle,398,3.59
idle,399,3.78
idle,400,5.08
idle,401,3.99
idle,402,4.71
idle,403,2.96
idle,404,3.96
idle,405,4.87
idle,406,3.48
idle,407,2.90
idle,408,3.12
idle,409,3.95
idle,410,4.79
idle,411,3.34
idle,412,4.23
idle,413,3.45
idle,414,3.21
idle,415,3.47
idle,416,3.25
idle,417,3.60
idle,418,3.82
idle,419,4.00
idle,420,3.31
idle,421,3.78
idle,422,3.19
idle,423,4.62
idle,424,3.98
idle,425,3.55
idle,426,3.63
idle,427,4.49
idle,428,5.66
idle,429,3.08
idle,430,3.63
idle,431,3.64
idle,432,3.45
idle,433,3.90
idle,434,3.95
idle,435,3.95
idle,436,3.59
idle,437,3.90
idle,438,4.28
idle,439,4.07
idle,440,3.59
idle,441,3.58
idle,442,2.83
idle,443,4.57
idle,444,3.52
idle,445,4.48
idle,446,2.93
idle,447,3.13
idle,448,3.58
idle,449,3.62
idle,450,5.04
idle,451,3.34
idle,452,2.70
idle,453,3.61
idle,454,3.93
idle,455,3.60
idle,456,4.12
idle,457,3.03
idle,458,3.65
idle,459,3.81
idle,460,3.50
idle,461,3.09
idle,462,4.27
idle,463,3.41
idle,464,3.96
idle,465,4.14
idle,466,3.39
idle,467,4.18
idle,468,3.78
idle,469,3.58
idle,470,2.58
idle,471,3.51
idle,472,3.54
idle,473,4.50
idle,474,4.28
idle,475,3.64
idle,476,3.42
idle,477,3.76
idle,478,3.76
idle,479,2.96
idle,480,4.63
idle,481,3.25
idle,482,3.28
idle,483,2.53
idle,484,4.55
idle,485,2.37
idle,486,4.06
idle,487,3.66
idle,488,2.54
idle,489,4.98
idle,490,3.52
idle,491,3.26
idle,492,2.65
idle,493,3.61
idle,494,3.20
idle,495,4.92
idle,496,3.45
idle,497,4.04
idle,498,3.87
idle,499,3.95
idle,500,4.50
idle,501,4.44
idle,502,3.12
idle,503,3.17
idle,504,2.77
idle,505,3.56
idle,506,5.65
idle,507,3.42
idle,508,2.43
idle,509,3.12
idle,510,3.52
idle,511,3.66
idle,512,4.88
idle,513,2.53
idle,514,4.25
idle,515,2.91
idle,516,3.41
idle,517,4.59
idle,518,3.70
idle,519,4.08
idle,520,3.56
idle,521,3.51
idle,522,3.05
idle,523,6.15
idle,524,3.04
idle,525,3.08
idle,526,3.82
idle,527,4.18
idle,528,4.50
idle,529,3.57
idle,530,3.98
idle,531,3.71
idle,532,3.19
idle,533,3.26
idle,534,4.45
idle,535,4.01
idle,536,4.49
idle,537,4.35
idle,538,3.16
idle,539,5.13
idle,540,4.48
idle,541,4.09
idle,542,3.99
idle,543,3.50
idle,544,3.60
idle,545,4.86
idle,546,4.35
idle,547,2.91
idle,548,3.06
idle,549,2.75
idle,550,3.65
idle,551,4.20
idle,552,3.24
idle,553,3.18
idle,554,3.95
idle,555,3.94
idle,556,4.03
idle,557,3.69
idle,558,3.68
idle,559,3.71
idle,560,3.56
idle,561,3.28
idle,562,5.16
idle,563,3.20
idle,564,4.04
idle,565,4.33
idle,566,3.56
idle,567,5.15
idle,568,2.95
idle,569,4.27
idle,570,3.88
idle,571,2.82
idle,572,3.41
idle,573,4.64
idle,574,2.93
idle,575,3.56
idle,576,3.86
idle,577,3.59
idle,578,4.27
idle,579,3.67
idle,580,3.73
idle,581,4.39
idle,582,3.80
idle,583,3.46
idle,584,4.84
idle,585,3.90
idle,586,2.55
idle,587,3.19
idle,588,3.81
idle,589,4.76
idle,590,2.35
idle,591,3.78
idle,592,3.06
idle,593,4.36
idle,594,3.14
idle,595,5.10
idle,596,3.52
idle,597,3.77
idle,598,4.59
idle,599,3.91
idle,600,3.78
idle,601,4.50
idle,602,3.80
idle,603,4.29
idle,604,3.92
idle,605,4.74
idle,606,5.91
idle,607,3.86
idle,608,2.73
idle,609,2.61
idle,610,3.45
idle,611,3.71
idle,612,4.83
idle,613,4.10
idle,614,3.78
idle,615,4.31
idle,616,3.46
idle,617,4.78
idle,618,2.97
idle,619,3.59
idle,620,3.15
idle,621,3.47
idle,622,2.35
idle,623,3.41
idle,624,4.22
idle,625,3.82
idle,626,2.83
idle,627,3.58
idle,628,5.41
idle,629,3.15
idle,630,3.79
idle,631,3.57
idle,632,4.75
idle,633,3.85
idle,634,5.62
idle,635,3.35
idle,636,3.79
idle,637,4.06
idle,638,2.44
idle,639,3.19
idle,640,3.63
idle,641,4.61
idle,642,3.05
idle,643,3.21
idle,644,3.73
idle,645,3.39
idle,646,4.25
idle,647,2.88
idle,648,2.58
idle,649,3.12
idle,650,4.76
idle,651,4.77
idle,652,4.07
idle,653,3.55
idle,654,3.23
idle,655,3.57
idle,656,5.51
idle,657,3.01
idle,658,3.90
idle,659,4.11
idle,660,3.69
idle,661,3.65
idle,662,4.16
idle,663,4.20
idle,664,4.53
idle,665,3.72
idle,666,4.09
idle,667,5.21
idle,668,3.19
idle,669,4.04
idle,670,3.29
idle,671,3.86
idle,672,3.82
idle,673,5.86
idle,674,2.96
idle,675,3.55
idle,676,3.60
idle,677,3.04
idle,678,3.81
idle,679,3.75
idle,680,2.71
idle,681,3.24
idle,682,2.97
idle,683,3.26
idle,684,4.59
idle,685,3.86
idle,686,3.74
idle,687,3.10
idle,688,3.78
idle,689,4.31
idle,690,2.81
idle,691,3.93
idle,692,3.54
idle,693,3.67
idle,694,4.08
idle,695,4.80
idle,696,3.32
idle,697,3.49
idle,698,3.35
idle,699,3.57
idle,700,4.23
idle,701,4.62
idle,702,2.32
idle,703,2.85
idle,704,3.19
idle,705,3.52
idle,706,5.00
idle,707,4.42
idle,708,3.05
idle,709,3.92
idle,710,3.64
idle,711,4.77
idle,712,3.81
idle,713,2.44
idle,714,3.34
idle,715,3.34
idle,716,4.65
idle,717,5.02
idle,718,3.59
idle,719,3.46
idle,720,3.20
idle,721,3.82
idle,722,3.06
idle,723,4.22
idle,724,3.92
idle,725,3.70
idle,726,3.03
idle,727,2.88
idle,728,4.08
idle,729,3.00
idle,730,3.26
idle,731,3.51
idle,732,2.93
idle,733,3.82
idle,734,4.49
idle,735,3.32
idle,736,4.21
idle,737,3.97
idle,738,3.91
idle,739,3.59
idle,740,2.87
idle,741,3.20
idle,742,3.99
idle,743,4.00
idle,744,4.23
idle,745,4.60
idle,746,3.93
idle,747,3.85
idle,748,4.31
idle,749,3.48
idle,750,4.19
idle,751,4.73
idle,752,3.59
idle,753,2.55
idle,754,3.38
idle,755,4.01
idle,756,4.53
idle,757,5.03
idle,758,3.09
idle,759,3.63
idle,760,4.30
idle,761,3.15
idle,762,4.33
idle,763,3.01
idle,764,3.79
idle,765,3.16
idle,766,3.41
idle,767,4.31
idle,768,4.29
idle,769,3.67
idle,770,2.97
idle,771,3.60
idle,772,3.49
idle,773,4.44
idle,774,4.54
idle,775,3.64
idle,776,3.03
idle,777,4.63
idle,778,4.75
idle,779,3.40
idle,780,3.94
idle,781,3.05
idle,782,3.34
idle,783,3.46
idle,784,4.28
idle,785,3.27
idle,786,2.46
idle,787,4.45
idle,788,4.14
idle,789,5.15
idle,790,2.87
idle,791,3.74
idle,792,3.33
idle,793,2.52
idle,794,3.89
idle,795,4.93
idle,796,2.90
idle,797,3.10
idle,798,2.64
idle,799,3.29
idle,800,4.82
idle,801,5.77
idle,802,3.91
idle,803,3.36
idle,804,3.50
idle,805,27.13
idle,806,4.23
idle,807,3.75
idle,808,4.86
idle,809,3.26
idle,810,3.68
idle,811,3.05
idle,812,4.77
idle,813,4.21
idle,814,4.41
idle,815,2.32
idle,816,3.29
idle,817,4.25
idle,818,1.84
idle,819,4.07
idle,820,4.42
idle,821,3.34
idle,822,2.30
idle,823,4.93
idle,824,4.25
idle,825,3.94
idle,826,4.78
idle,827,3.64
idle,828,5.24
idle,829,4.37
idle,830,4.22
idle,831,4.31
idle,832,4.01
idle,833,3.57
idle,834,4.13
idle,835,4.13
idle,836,3.40
idle,837,3.00
idle,838,4.53
idle,839,4.37
idle,840,4.03
idle,841,2.79
idle,842,3.99
idle,843,3.91
idle,844,3.95
idle,845,5.49
idle,846,3.24
idle,847,4.72
idle,848,3.45
idle,849,3.26
idle,850,4.26
idle,851,5.66
idle,852,3.39
idle,853,3.45
idle,854,3.46
idle,855,3.61
idle,856,4.47
idle,857,2.65
idle,858,3.21
idle,859,3.46
idle,860,3.57
idle,861,3.38
idle,862,4.30
idle,863,4.68
idle,864,2.44
idle,865,3.07
idle,866,3.58
idle,867,5.44
idle,868,3.74
idle,869,3.87
idle,870,2.71
idle,871,4.45
idle,872,3.50
idle,873,4.51
idle,874,3.42
idle,875,3.68
idle,876,4.20
idle,877,4.33
idle,878,4.36
idle,879,4.09
idle,880,3.17
idle,881,3.09
idle,882,3.73
idle,883,3.43
idle,884,3.99
idle,885,4.46
idle,886,1.91
idle,887,3.59
idle,888,4.13
idle,889,5.51
idle,890,3.88
idle,891,2.97
idle,892,3.61
idle,893,4.58
idle,894,3.60
idle,895,4.14
idle,896,3.57
idle,897,3.60
idle,898,3.58
idle,899,4.24
idle,900,4.50
idle,901,4.35
idle,902,3.26
idle,903,3.82
idle,904,4.21
idle,905,3.08
idle,906,4.89
idle,907,2.64
idle,908,3.62
idle,909,3.83
idle,910,4.17
idle,911,3.29
idle,912,4.88
idle,913,3.64
idle,914,3.52
idle,915,2.55
idle,916,2.20
idle,917,4.85
idle,918,3.23
idle,919,3.29
idle,920,4.22
idle,921,3.12
idle,922,3.23
idle,923,5.18
idle,924,3.62
idle,925,3.01
idle,926,4.26
idle,927,4.07
idle,928,4.63
idle,929,3.77
idle,930,3.16
idle,931,4.30
idle,932,3.75
idle,933,3.77
idle,934,3.76
idle,935,2.97
idle,936,3.59
idle,937,3.11
idle,938,3.80
idle,939,4.72
idle,940,3.11
idle,941,3.47
idle,942,4.05
idle,943,3.85
idle,944,2.88
idle,945,4.82
idle,946,3.65
idle,947,3.96
idle,948,4.08
idle,949,3.97
idle,950,5.09
idle,951,4.32
idle,952,3.67
idle,953,3.77
idle,954,3.14
idle,955,3.86
idle,956,4.76
idle,957,3.60
idle,958,4.37
idle,959,4.00
idle,960,3.37
idle,961,3.24
idle,962,4.32
idle,963,4.13
idle,964,3.31
idle,965,4.24
idle,966,4.35
idle,967,6.01
idle,968,3.65
idle,969,3.45
idle,970,3.00
idle,971,2.76
idle,972,4.04
idle,973,5.67
idle,974,2.97
idle,975,2.85
idle,976,3.73
idle,977,3.96
idle,978,4.21
idle,979,3.59
idle,980,2.97
idle,981,2.75
idle,982,3.42
idle,983,3.73
idle,984,4.18
idle,985,3.02
idle,986,3.66
idle,987,3.14
idle,988,3.50
idle,989,4.59
idle,990,3.90
idle,991,2.81
idle,992,2.53
idle,993,3.80
idle,994,4.18
idle,995,4.94
idle,996,3.82
idle,997,2.65
idle,998,3.63
idle,999,3.34
idle,1000,4.88
idle,1001,4.76
idle,1002,3.30
idle,1003,3.87
idle,1004,3.84
idle,1005,2.10
idle,1006,4.05
idle,1007,3.48
idle,1008,4.66
idle,1009,3.13
idle,1010,4.17
idle,1011,2.39
idle,1012,3.89
idle,1013,3.02
idle,1014,3.76
idle,1015,4.30
idle,1016,4.82
idle,1017,3.74
idle,1018,3.62
idle,1019,2.92
idle,1020,3.51
idle,1021,4.54
idle,1022,4.40
idle,1023,5.17
idle,1024,2.87
idle,1025,3.69
idle,1026,3.47
idle,1027,4.75
idle,1028,4.98
idle,1029,3.85
idle,1030,3.20
idle,1031,3.02
idle,1032,3.50
idle,1033,4.85
idle,1034,4.33
idle,1035,3.97
idle,1036,4.07
idle,1037,3.65
idle,1038,3.75
idle,1039,5.35
idle,1040,2.77
idle,1041,3.07
idle,1042,3.48
idle,1043,3.84
idle,1044,5.06
idle,1045,5.65
idle,1046,3.82
idle,1047,3.71
idle,1048,4.31
idle,1049,3.59
idle,1050,3.04
idle,1051,4.86
idle,1052,3.33
idle,1053,2.85
idle,1054,3.65
idle,1055,4.47
idle,1056,5.76
idle,1057,2.53
idle,1058,3.35
idle,1059,3.08
idle,1060,3.91
idle,1061,4.72
idle,1062,4.25
idle,1063,4.34
idle,1064,2.76
idle,1065,3.57
idle,1066,3.98
idle,1067,4.53
idle,1068,4.12
idle,1069,3.01
idle,1070,3.10
idle,1071,3.59
idle,1072,3.93
idle,1073,4.39
idle,1074,3.37
idle,1075,3.69
idle,1076,3.43
idle,1077,3.37
idle,1078,5.45
idle,1079,3.12
idle,1080,3.44
idle,1081,3.65
idle,1082,2.83
idle,1083,3.29
idle,1084,3.65
idle,1085,4.02
idle,1086,3.48
idle,1087,3.85
idle,1088,2.58
idle,1089,4.47
idle,1090,3.97
idle,1091,3.47
idle,1092,3.47
idle,1093,3.84
idle,1094,4.34
idle,1095,3.69
idle,1096,2.12
idle,1097,2.37
idle,1098,4.33
idle,1099,3.54
idle,1100,4.33
idle,1101,4.90
idle,1102,3.49
idle,1103,3.51
idle,1104,3.49
idle,1105,2.87
idle,1106,3.79
idle,1107,3.48
idle,1108,4.61
idle,1109,4.08
idle,1110,4.04
idle,1111,3.91
idle,1112,4.97
idle,1113,3.78
idle,1114,3.74
idle,1115,3.14
idle,1116,4.23
idle,1117,6.49
idle,1118,3.71
idle,1119,4.00
idle,1120,3.27
idle,1121,4.47
idle,1122,3.99
idle,1123,4.39
idle,1124,4.23
idle,1125,3.12
idle,1126,3.54
idle,1127,3.83
idle,1128,4.92
idle,1129,2.95
idle,1130,3.70
idle,1131,2.96
idle,1132,2.98
idle,1133,3.55
idle,1134,4.14
idle,1135,3.39
idle,1136,3.28
idle,1137,4.45
idle,1138,3.64
idle,1139,3.92
idle,1140,4.04
idle,1141,3.78
idle,1142,3.66
idle,1143,3.47
idle,1144,3.06
idle,1145,4.73
idle,1146,3.59
idle,1147,3.88
idle,1148,3.41
idle,1149,3.69
idle,1150,4.30
idle,1151,3.70
idle,1152,3.12
idle,1153,2.71
idle,1154,4.26
idle,1155,3.15
idle,1156,4.66
idle,1157,3.24
idle,1158,3.12
idle,1159,3.19
idle,1160,4.03
idle,1161,4.06
idle,1162,6.20
idle,1163,3.12
idle,1164,4.15
idle,1165,3.38
idle,1166,2.94
idle,1167,4.62
idle,1168,3.80
idle,1169,3.90
idle,1170,4.11
idle,1171,3.25
idle,1172,4.11
idle,1173,4.29
idle,1174,4.11
idle,1175,3.16
idle,1176,3.16
idle,1177,3.56
idle,1178,4.96
idle,1179,2.94
idle,1180,2.84
idle,1181,3.36
idle,1182,3.23
idle,1183,4.43
idle,1184,5.16
idle,1185,4.30
idle,1186,2.97
idle,1187,3.39
idle,1188,3.42
idle,1189,4.73
idle,1190,4.63
idle,1191,3.35
idle,1192,3.05
idle,1193,3.23
idle,1194,2.61
idle,1195,4.89
idle,1196,4.00
idle,1197,4.59
idle,1198,4.08
idle,1199,4.48
idle,1200,4.42
idle,1201,2.63
idle,1202,4.11
idle,1203,3.86
idle,1204,3.89
idle,1205,3.23
idle,1206,3.83
idle,1207,4.05
idle,1208,4.52
idle,1209,3.76
idle,1210,4.40
idle,1211,4.17
idle,1212,4.89
idle,1213,3.75
idle,1214,4.30
idle,1215,3.52
idle,1216,3.56
idle,1217,4.89
idle,1218,3.98
idle,1219,3.51
idle,1220,3.18
idle,1221,3.68
idle,1222,3.44
idle,1223,3.47
idle,1224,5.24
idle,1225,3.78
idle,1226,2.72
idle,1227,3.60
idle,1228,5.03
idle,1229,3.72
idle,1230,3.65
idle,1231,2.51
idle,1232,4.42
idle,1233,3.94
idle,1234,5.91
idle,1235,3.41
idle,1236,4.49
idle,1237,3.88
idle,1238,4.10
idle,1239,5.48
idle,1240,3.98
idle,1241,2.81
idle,1242,3.10
idle,1243,4.56
idle,1244,3.56
idle,1245,4.74
idle,1246,4.52
idle,1247,3.97
idle,1248,3.94
idle,1249,2.52
idle,1250,6.05
idle,1251,3.62
idle,1252,3.32
idle,1253,4.10
idle,1254,3.91
idle,1255,3.23
idle,1256,5.14
idle,1257,3.25
idle,1258,3.84
idle,1259,4.39
idle,1260,3.88
idle,1261,3.01
idle,1262,4.73
idle,1263,3.56
idle,1264,4.34
idle,1265,3.25
idle,1266,3.42
idle,1267,4.37
idle,1268,3.32
idle,1269,2.94
idle,1270,2.28
idle,1271,4.39
idle,1272,3.06
idle,1273,4.09
idle,1274,3.67
idle,1275,3.49
idle,1276,3.32
idle,1277,3.33
idle,1278,4.11
idle,1279,3.72
idle,1280,2.60
idle,1281,4.55
idle,1282,3.23
idle,1283,3.24
idle,1284,5.33
idle,1285,4.82
idle,1286,4.57
idle,1287,3.80
idle,1288,3.42
idle,1289,4.01
idle,1290,23.38
idle,1291,3.41
idle,1292,3.51
idle,1293,3.82
idle,1294,4.13
idle,1295,5.05
idle,1296,3.34
idle,1297,3.02
idle,1298,2.84
idle,1299,3.55
idle,1300,4.96
idle,1301,2.86
idle,1302,3.46
idle,1303,3.31
idle,1304,3.77
idle,1305,3.96
idle,1306,4.01
idle,1307,3.01
idle,1308,3.09
idle,1309,3.69
idle,1310,3.65
idle,1311,5.13
idle,1312,5.10
idle,1313,3.99
idle,1314,3.44
idle,1315,3.77
idle,1316,4.14
idle,1317,6.10
idle,1318,3.76
idle,1319,3.52
idle,1320,3.10
idle,1321,4.02
idle,1322,3.73
idle,1323,4.98
idle,1324,3.24
idle,1325,3.06
idle,1326,3.52
idle,1327,3.23
idle,1328,5.27
idle,1329,2.50
idle,1330,3.40
idle,1331,3.92
idle,1332,3.53
idle,1333,3.90
idle,1334,4.50
idle,1335,3.11
idle,1336,2.95
idle,1337,3.64
idle,1338,3.89
idle,1339,5.21
idle,1340,3.76
idle,1341,3.89
idle,1342,3.83
idle,1343,3.89
idle,1344,2.99
idle,1345,4.79
idle,1346,3.08
idle,1347,4.17
idle,1348,2.50
idle,1349,4.07
idle,1350,3.40
idle,1351,4.21
idle,1352,4.03
idle,1353,2.96
idle,1354,3.52
idle,1355,3.69
idle,1356,6.16
idle,1357,3.37
idle,1358,4.39
idle,1359,2.85
idle,1360,4.33
idle,1361,4.06
idle,1362,5.09
idle,1363,2.70
idle,1364,4.55
idle,1365,3.10
idle,1366,3.70
idle,1367,4.47
idle,1368,3.19
idle,1369,4.15
idle,1370,3.68
idle,1371,3.60
idle,1372,3.35
idle,1373,5.84
idle,1374,3.71
idle,1375,4.34
idle,1376,2.74
idle,1377,3.81
idle,1378,4.72
idle,1379,3.92
idle,1380,3.80
idle,1381,4.18
idle,1382,3.02
idle,1383,4.37
idle,1384,4.65
idle,1385,4.48
idle,1386,3.71
idle,1387,3.69
idle,1388,3.33
idle,1389,4.79
idle,1390,3.41
idle,1391,3.52
idle,1392,3.85
idle,1393,3.41
idle,1394,4.03
idle,1395,4.86
idle,1396,4.27
idle,1397,3.96
idle,1398,3.74
idle,1399,4.81
idle,1400,4.66
idle,1401,4.85
idle,1402,3.89
idle,1403,3.05
idle,1404,3.01
idle,1405,4.45
idle,1406,4.17
idle,1407,4.19
idle,1408,3.72
idle,1409,4.59
idle,1410,3.47
idle,1411,3.34
idle,1412,5.06
idle,1413,4.86
idle,1414,4.26
idle,1415,3.74
idle,1416,3.43
idle,1417,4.66
idle,1418,3.53
idle,1419,4.06
idle,1420,2.75
idle,1421,3.37
idle,1422,2.84
idle,1423,3.96
idle,1424,2.79
idle,1425,3.46
idle,1426,2.78
idle,1427,3.37
idle,1428,4.71
idle,1429,2.95
idle,1430,2.69
idle,1431,3.20
idle,1432,3.53
idle,1433,3.97
idle,1434,5.23
idle,1435,4.14
idle,1436,3.84
idle,1437,3.20
idle,1438,3.88
idle,1439,4.25
idle,1440,3.80
idle,1441,3.68
idle,1442,4.74
idle,1443,3.51
idle,1444,3.24
idle,1445,5.63
idle,1446,3.47
idle,1447,3.42
idle,1448,2.71
idle,1449,3.12
idle,1450,4.71
idle,1451,2.87
idle,1452,3.34
idle,1453,3.51
idle,1454,4.18
idle,1455,3.61
idle,1456,5.45
idle,1457,3.56
idle,1458,3.33
idle,1459,2.93
idle,1460,3.73
idle,1461,4.02
idle,1462,4.18
idle,1463,3.27
idle,1464,4.79
idle,1465,4.34
idle,1466,3.11
idle,1467,4.97
idle,1468,3.18
idle,1469,2.89
idle,1470,2.52
idle,1471,3.23
idle,1472,3.51
idle,1473,3.50
idle,1474,3.75
idle,1475,3.20
idle,1476,4.06
idle,1477,2.91
idle,1478,4.57
idle,1479,3.66
idle,1480,3.55
idle,1481,2.81
idle,1482,2.30
idle,1483,3.86
idle,1484,4.84
idle,1485,2.16
idle,1486,2.45
idle,1487,3.80
idle,1488,3.36
idle,1489,5.47
idle,1490,3.41
idle,1491,3.56
idle,1492,3.49
idle,1493,3.78
idle,1494,3.75
idle,1495,4.37
idle,1496,2.37
idle,1497,3.19
idle,1498,4.36
idle,1499,3.58
idle,1500,4.83
idle,1501,3.80
idle,1502,3.35
idle,1503,4.18
idle,1504,4.11
idle,1505,3.74
idle,1506,4.46
idle,1507,3.74
idle,1508,4.00
idle,1509,2.63
idle,1510,4.36
idle,1511,3.90
idle,1512,3.79
idle,1513,3.25
idle,1514,3.24
idle,1515,3.12
idle,1516,4.12
idle,1517,4.24
idle,1518,3.61
idle,1519,4.18
idle,1520,4.01
idle,1521,3.46
idle,1522,4.36
idle,1523,4.07
idle,1524,3.89
idle,1525,3.09
idle,1526,2.48
idle,1527,3.76
idle,1528,5.78
idle,1529,3.48
idle,1530,4.68
idle,1531,3.68
idle,1532,4.28
idle,1533,3.00
idle,1534,5.47
idle,1535,3.08
idle,1536,3.25
idle,1537,3.71
idle,1538,3.00
idle,1539,3.82
idle,1540,3.74
idle,1541,2.49
idle,1542,3.38
idle,1543,3.52
idle,1544,3.86
idle,1545,5.08
idle,1546,3.25
idle,1547,3.20
idle,1548,3.91
idle,1549,3.39
idle,1550,5.48
idle,1551,3.91
idle,1552,3.81
idle,1553,3.09
idle,1554,3.05
idle,1555,3.43
idle,1556,4.10
idle,1557,3.60
idle,1558,4.69
idle,1559,3.96
idle,1560,3.81
idle,1561,3.11
idle,1562,4.94
idle,1563,3.77
idle,1564,4.06
idle,1565,2.78
idle,1566,2.52
idle,1567,4.79
idle,1568,3.61
idle,1569,3.36
idle,1570,4.36
idle,1571,4.34
idle,1572,3.97
idle,1573,5.78
idle,1574,3.96
idle,1575,3.32
idle,1576,3.84
idle,1577,2.74
idle,1578,4.44
idle,1579,3.31
idle,1580,4.44
idle,1581,3.82
idle,1582,4.19
idle,1583,3.25
idle,1584,4.14
idle,1585,4.32
idle,1586,3.46
idle,1587,4.90
idle,1588,2.95
idle,1589,5.27
idle,1590,4.04
idle,1591,3.15
idle,1592,4.42
idle,1593,3.25
idle,1594,3.10
idle,1595,5.51
idle,1596,3.52
idle,1597,4.03
idle,1598,4.00
idle,1599,2.99
idle,1600,5.18
idle,1601,3.25
idle,1602,3.34
idle,1603,3.63
idle,1604,3.05
idle,1605,4.40
idle,1606,3.98
idle,1607,3.12
idle,1608,3.32
idle,1609,3.05
idle,1610,2.91
idle,1611,2.97
idle,1612,5.12
idle,1613,2.54
idle,1614,3.20
idle,1615,3.28
idle,1616,3.37
idle,1617,4.46
idle,1618,3.57
idle,1619,4.12
idle,1620,3.02
idle,1621,4.52
idle,1622,3.83
idle,1623,5.65
idle,1624,3.21
idle,1625,4.75
idle,1626,3.06
idle,1627,4.38
idle,1628,5.04
idle,1629,3.64
idle,1630,3.63
idle,1631,4.27
idle,1632,4.07
idle,1633,3.97
idle,1634,4.48
idle,1635,3.95
idle,1636,3.57
idle,1637,3.64
idle,1638,3.87
idle,1639,4.39
idle,1640,3.23
idle,1641,4.32
idle,1642,4.27
idle,1643,3.57
idle,1644,3.46
idle,1645,4.93
idle,1646,3.12
idle,1647,3.31
idle,1648,2.55
idle,1649,3.59
idle,1650,4.66
idle,1651,3.05
idle,1652,3.50
idle,1653,4.88
idle,1654,3.76
idle,1655,3.82
idle,1656,3.93
idle,1657,4.49
idle,1658,4.19
idle,1659,2.83
idle,1660,2.71
idle,1661,4.44
idle,1662,4.30
idle,1663,3.24
idle,1664,3.59
idle,1665,3.83
idle,1666,3.68
idle,1667,5.45
idle,1668,3.71
idle,1669,4.58
idle,1670,3.57
idle,1671,4.01
idle,1672,2.82
idle,1673,4.35
idle,1674,3.01
idle,1675,4.48
idle,1676,3.63
idle,1677,3.01
idle,1678,5.04
idle,1679,3.82
idle,1680,4.01
idle,1681,4.16
idle,1682,3.35
idle,1683,3.93
idle,1684,4.54
idle,1685,3.36
idle,1686,4.00
idle,1687,3.93
idle,1688,3.56
idle,1689,4.76
idle,1690,3.41
idle,1691,3.37
idle,1692,3.75
idle,1693,3.29
idle,1694,3.68
idle,1695,5.60
idle,1696,3.07
idle,1697,4.22
idle,1698,3.32
idle,1699,4.24
idle,1700,5.10
idle,1701,4.00
idle,1702,2.77
idle,1703,4.50
idle,1704,2.81
idle,1705,3.41
idle,1706,4.36
idle,1707,3.49
idle,1708,2.75
idle,1709,4.27
idle,1710,5.28
idle,1711,4.02
idle,1712,6.09
idle,1713,3.05
idle,1714,3.09
idle,1715,2.57
idle,1716,3.27
idle,1717,5.24
idle,1718,4.29
idle,1719,2.78
idle,1720,3.03
idle,1721,3.67
idle,1722,3.81
idle,1723,4.57
idle,1724,3.17
idle,1725,4.90
idle,1726,3.07
idle,1727,3.44
idle,1728,4.57
idle,1729,3.09
idle,1730,3.74
idle,1731,3.27
idle,1732,2.76
idle,1733,4.18
idle,1734,6.04
idle,1735,2.94
idle,1736,5.20
idle,1737,3.71
idle,1738,4.37
idle,1739,4.74
idle,1740,3.92
idle,1741,4.86
idle,1742,3.98
idle,1743,4.00
idle,1744,3.18
idle,1745,4.18
idle,1746,3.66
idle,1747,3.78
idle,1748,3.32
idle,1749,4.52
idle,1750,3.87
idle,1751,4.38
idle,1752,2.90
idle,1753,3.16
idle,1754,3.84
idle,1755,3.47
idle,1756,5.31
idle,1757,3.75
idle,1758,3.71
idle,1759,4.10
idle,1760,3.07
idle,1761,4.50
idle,1762,4.90
idle,1763,2.26
idle,1764,3.72
idle,1765,3.75
idle,1766,4.32
idle,1767,4.61
idle,1768,4.16
idle,1769,3.45
idle,1770,4.62
idle,1771,3.73
idle,1772,3.79
idle,1773,5.18
idle,1774,3.88
idle,1775,4.32
idle,1776,2.27
idle,1777,4.13
idle,1778,5.28
idle,1779,3.36
idle,1780,4.05
idle,1781,4.93
idle,1782,3.10
idle,1783,3.86
idle,1784,5.34
idle,1785,3.11
idle,1786,4.43
idle,1787,2.97
idle,1788,2.50
idle,1789,4.24
idle,1790,3.79
idle,1791,4.06
idle,1792,3.34
idle,1793,3.90
idle,1794,3.11
idle,1795,3.77
idle,1796,4.93
idle,1797,3.19
idle,1798,3.67
idle,1799,3.61
idle,1800,5.54
idle,1801,4.28
idle,1802,3.84
idle,1803,3.37
idle,1804,3.24
idle,1805,4.39
idle,1806,4.61
idle,1807,4.22
idle,1808,3.90
idle,1809,3.68
idle,1810,4.11
idle,1811,3.42
idle,1812,4.74
idle,1813,3.03
idle,1814,2.70
idle,1815,4.27
idle,1816,2.68
idle,1817,3.31
idle,1818,3.25
idle,1819,3.07
idle,1820,3.36
idle,1821,3.53
idle,1822,3.31
idle,1823,3.81
idle,1824,3.89
idle,1825,4.42
idle,1826,4.04
idle,1827,2.41
idle,1828,3.96
idle,1829,2.66
idle,1830,3.18
idle,1831,2.95
idle,1832,3.40
idle,1833,3.86
idle,1834,5.01
idle,1835,2.94
idle,1836,3.07
idle,1837,2.95
idle,1838,2.86
idle,1839,5.00
idle,1840,2.98
idle,1841,3.73
idle,1842,3.02
idle,1843,4.29
idle,1844,4.39
idle,1845,3.93
idle,1846,3.99
idle,1847,4.04
idle,1848,4.41
idle,1849,3.82
idle,1850,5.04
idle,1851,2.67
idle,1852,3.14
idle,1853,3.51
idle,1854,2.91
idle,1855,4.50
idle,1856,5.94
idle,1857,3.66
idle,1858,2.56
idle,1859,4.24
idle,1860,3.92
idle,1861,4.06
idle,1862,5.94
idle,1863,3.62
idle,1864,3.55
idle,1865,2.88
idle,1866,5.14
idle,1867,5.20
idle,1868,3.06
idle,1869,3.66
idle,1870,3.83
idle,1871,3.41
idle,1872,3.12
idle,1873,4.13
idle,1874,3.74
idle,1875,3.42
idle,1876,4.25
idle,1877,3.70
idle,1878,4.78
idle,1879,2.37
idle,1880,3.23
idle,1881,3.64
idle,1882,3.89
idle,1883,4.43
idle,1884,4.40
idle,1885,3.91
idle,1886,3.77
idle,1887,2.94
idle,1888,3.13
idle,1889,5.40
idle,1890,4.13
idle,1891,3.33
idle,1892,3.38
idle,1893,5.10
idle,1894,3.57
idle,1895,5.60
idle,1896,2.98
idle,1897,2.97
idle,1898,3.54
idle,1899,3.29
idle,1900,5.08
idle,1901,4.35
idle,1902,4.24
idle,1903,3.34
idle,1904,3.41
idle,1905,4.07
idle,1906,4.53
idle,1907,3.31
idle,1908,2.79
idle,1909,3.77
idle,1910,3.78
idle,1911,3.10
idle,1912,5.72
idle,1913,3.35
idle,1914,3.67
idle,1915,3.39
idle,1916,3.42
idle,1917,4.29
idle,1918,3.50
idle,1919,4.22
idle,1920,3.72
idle,1921,4.05
idle,1922,4.23
idle,1923,4.75
idle,1924,3.19
idle,1925,3.05
idle,1926,3.24
idle,1927,3.91
idle,1928,4.04
idle,1929,4.54
idle,1930,3.46
idle,1931,2.75
idle,1932,3.66
idle,1933,2.94
idle,1934,4.36
idle,1935,3.61
idle,1936,3.52
idle,1937,3.58
idle,1938,3.70
idle,1939,4.81
idle,1940,4.03
idle,1941,3.89
idle,1942,2.76
idle,1943,3.30
idle,1944,3.62
idle,1945,3.56
idle,1946,3.41
idle,1947,4.31
idle,1948,3.42
idle,1949,4.54
idle,1950,5.45
idle,1951,3.87
idle,1952,4.03
idle,1953,4.42
idle,1954,3.11
idle,1955,4.44
idle,1956,6.04
idle,1957,3.49
idle,1958,3.53
idle,1959,3.99
idle,1960,3.55
idle,1961,3.43
idle,1962,4.80
idle,1963,3.70
idle,1964,4.58
idle,1965,4.21
idle,1966,3.93
idle,1967,4.35
idle,1968,2.66
idle,1969,3.00
idle,1970,4.19
idle,1971,2.44
idle,1972,4.30
idle,1973,5.07
idle,1974,4.58
idle,1975,4.57
idle,1976,3.99
idle,1977,3.29
idle,1978,4.87
idle,1979,4.08
idle,1980,4.17
idle,1981,4.01
idle,1982,4.17
idle,1983,4.49
idle,1984,4.12
idle,1985,4.06
idle,1986,4.34
idle,1987,4.29
idle,1988,3.87
idle,1989,5.24
idle,1990,3.79
idle,1991,3.05
idle,1992,3.02
idle,1993,3.89
idle,1994,3.76
idle,1995,4.23
idle,1996,3.92
idle,1997,3.55
idle,1998,3.74
idle,1999,3.14
idle,2000,4.45
idle,2001,3.89
idle,2002,3.52
idle,2003,3.81
idle,2004,3.82
idle,2005,3.41
idle,2006,5.39
idle,2007,2.75
idle,2008,2.68
idle,2009,3.42
idle,2010,3.86
idle,2011,4.24
idle,2012,5.29
idle,2013,2.89
idle,2014,4.04
idle,2015,4.08
idle,2016,4.00
idle,2017,4.77
idle,2018,2.54
idle,2019,3.94
idle,2020,3.45
idle,2021,3.35
idle,2022,3.84
idle,2023,5.38
idle,2024,3.79
idle,2025,3.14
idle,2026,4.24
idle,2027,3.97
idle,2028,6.00
idle,2029,4.42
idle,2030,3.70
idle,2031,2.47
idle,2032,2.35
idle,2033,3.59
idle,2034,5.28
idle,2035,3.49
idle,2036,4.11
idle,2037,4.70
idle,2038,4.03
idle,2039,3.83
idle,2040,3.65
idle,2041,3.14
idle,2042,3.10
idle,2043,2.65
idle,2044,3.75
idle,2045,4.86
idle,2046,4.43
idle,2047,2.75
idle,2048,2.63
idle,2049,3.66
idle,2050,4.51
idle,2051,3.97
idle,2052,3.31
idle,2053,4.24
idle,2054,4.17
idle,2055,3.32
idle,2056,5.13
idle,2057,3.58
idle,2058,3.56
idle,2059,2.62
idle,2060,3.33
idle,2061,3.57
idle,2062,4.28
idle,2063,2.82
idle,2064,4.49
idle,2065,3.59
idle,2066,3.97
idle,2067,4.65
idle,2068,3.53
idle,2069,3.04
idle,2070,3.63
idle,2071,3.99
idle,2072,3.05
idle,2073,3.47
idle,2074,3.56
idle,2075,3.15
idle,2076,2.80
idle,2077,3.98
idle,2078,4.21
idle,2079,3.52
idle,2080,3.42
idle,2081,3.53
idle,2082,3.30
idle,2083,3.15
idle,2084,4.75
idle,2085,3.53
idle,2086,4.16
idle,2087,3.81
idle,2088,3.16
idle,2089,4.53
idle,2090,3.24
idle,2091,4.04
idle,2092,3.24
idle,2093,2.82
idle,2094,2.36
idle,2095,4.67
idle,2096,3.62
idle,2097,3.49
idle,2098,3.64
idle,2099,3.77
idle,2100,4.82
idle,2101,3.37
idle,2102,4.19
idle,2103,4.87
idle,2104,3.70
idle,2105,2.46
idle,2106,5.50
idle,2107,3.19
idle,2108,3.85
idle,2109,3.12
idle,2110,2.93
idle,2111,3.74
idle,2112,4.65
idle,2113,3.72
idle,2114,3.21
idle,2115,2.88
idle,2116,3.71
idle,2117,5.60
idle,2118,4.23
idle,2119,2.09
idle,2120,2.97
idle,2121,3.04
idle,2122,3.84
idle,2123,4.32
idle,2124,3.98
idle,2125,3.27
idle,2126,3.17
idle,2127,3.76
idle,2128,4.64
idle,2129,3.65
idle,2130,3.35
idle,2131,3.54
idle,2132,3.76
idle,2133,3.55
idle,2134,4.92
idle,2135,4.16
idle,2136,3.39
idle,2137,3.81
idle,2138,3.50
idle,2139,3.71
idle,2140,3.87
idle,2141,4.58
idle,2142,3.20
idle,2143,2.94
idle,2144,3.53
idle,2145,4.20
idle,2146,3.24
idle,2147,3.60
idle,2148,3.31
idle,2149,4.84
idle,2150,3.20
idle,2151,3.70
idle,2152,4.21
idle,2153,4.08
idle,2154,3.85
idle,2155,3.88
idle,2156,4.65
idle,2157,3.69
idle,2158,3.63
idle,2159,3.66
idle,2160,3.68
idle,2161,2.11
idle,2162,4.92
idle,2163,3.48
idle,2164,4.05
idle,2165,4.12
idle,2166,3.29
idle,2167,2.99
idle,2168,4.33
idle,2169,4.46
idle,2170,3.40
idle,2171,2.59
idle,2172,3.30
idle,2173,4.52
idle,2174,4.10
idle,2175,3.61
idle,2176,4.28
idle,2177,4.01
idle,2178,3.40
idle,2179,3.20
idle,2180,2.84
idle,2181,2.81
idle,2182,2.63
idle,2183,4.36
idle,2184,4.31
idle,2185,4.31
idle,2186,3.96
idle,2187,4.10
idle,2188,3.00
idle,2189,4.25
idle,2190,4.23
idle,2191,3.24
idle,2192,3.66
idle,2193,3.74
idle,2194,4.42
idle,2195,5.04
idle,2196,3.01
idle,2197,3.96
idle,2198,3.93
idle,2199,4.25
idle,2200,5.06
idle,2201,3.95
idle,2202,2.75
idle,2203,3.48
idle,2204,2.84
idle,2205,3.00
idle,2206,4.02
idle,2207,3.99
idle,2208,3.73
idle,2209,3.09
idle,2210,2.98
idle,2211,3.76
idle,2212,3.87
idle,2213,2.94
idle,2214,3.15
idle,2215,3.25
idle,2216,3.72
idle,2217,4.99
idle,2218,3.19
idle,2219,3.96
idle,2220,3.04
idle,2221,3.96
idle,2222,3.75
idle,2223,4.95
idle,2224,3.55
idle,2225,4.24
idle,2226,3.84
idle,2227,4.76
idle,2228,4.94
idle,2229,3.27
idle,2230,3.47
idle,2231,3.70
idle,2232,3.92
idle,2233,3.57
idle,2234,4.23
idle,2235,3.74
idle,2236,3.22
idle,2237,4.16
idle,2238,3.76
idle,2239,3.26
idle,2240,3.50
idle,2241,3.90
idle,2242,3.53
idle,2243,3.09
idle,2244,3.34
idle,2245,5.35
idle,2246,3.53
idle,2247,4.97
idle,2248,4.34
idle,2249,3.41
idle,2250,4.16
idle,2251,3.19
idle,2252,3.69
idle,2253,3.38
idle,2254,3.40
idle,2255,3.49
idle,2256,4.92
idle,2257,3.65
idle,2258,3.34
idle,2259,3.42
idle,2260,3.68
idle,2261,4.19
idle,2262,6.02
idle,2263,3.00
idle,2264,3.07
idle,2265,3.08
idle,2266,4.06
idle,2267,4.54
idle,2268,3.96
idle,2269,3.70
idle,2270,2.64
idle,2271,3.75
idle,2272,3.81
idle,2273,4.49
idle,2274,4.44
idle,2275,4.50
idle,2276,3.08
idle,2277,3.82
idle,2278,4.37
idle,2279,3.99
idle,2280,3.35
idle,2281,3.39
idle,2282,2.85
idle,2283,3.72
idle,2284,4.47
idle,2285,3.48
idle,2286,3.71
idle,2287,3.42
idle,2288,2.94
idle,2289,4.83
idle,2290,4.14
idle,2291,3.43
idle,2292,4.06
idle,2293,3.19
idle,2294,4.24
idle,2295,4.74
idle,2296,4.10
idle,2297,3.52
idle,2298,4.11
idle,2299,3.87
idle,2300,5.40
idle,2301,3.71
idle,2302,3.86
idle,2303,3.63
idle,2304,3.36
idle,2305,3.65
idle,2306,4.30
idle,2307,3.54
idle,2308,2.81
idle,2309,4.49
idle,2310,3.43
idle,2311,3.55
idle,2312,4.09
idle,2313,4.04
idle,2314,2.78
idle,2315,2.53
idle,2316,4.36
idle,2317,4.24
idle,2318,3.83
idle,2319,3.67
idle,2320,3.68
idle,2321,3.63
idle,2322,4.74
idle,2323,4.78
idle,2324,3.29
idle,2325,2.98
idle,2326,3.14
idle,2327,4.19
idle,2328,4.05
idle,2329,3.69
idle,2330,2.97
idle,2331,3.16
idle,2332,4.15
idle,2333,4.48
idle,2334,4.81
idle,2335,3.03
idle,2336,3.67
idle,2337,2.88
idle,2338,2.77
idle,2339,4.30
idle,2340,3.69
idle,2341,3.42
idle,2342,4.10
idle,2343,3.73
idle,2344,3.90
idle,2345,4.78
idle,2346,3.34
idle,2347,3.99
idle,2348,3.86
idle,2349,3.32
idle,2350,6.33
idle,2351,2.56
idle,2352,3.84
idle,2353,3.50
idle,2354,2.84
idle,2355,3.14
idle,2356,4.99
idle,2357,3.49
idle,2358,3.42
idle,2359,2.95
idle,2360,3.58
idle,2361,3.12
idle,2362,4.03
idle,2363,4.41
idle,2364,3.57
idle,2365,4.00
idle,2366,3.27
idle,2367,4.78
idle,2368,4.02
idle,2369,3.59
idle,2370,3.82
idle,2371,3.53
idle,2372,4.28
idle,2373,5.37
idle,2374,2.49
idle,2375,3.58
idle,2376,3.83
idle,2377,4.56
idle,2378,4.49
idle,2379,3.81
idle,2380,4.88
idle,2381,4.14
idle,2382,3.96
idle,2383,3.61
idle,2384,4.99
idle,2385,3.11
idle,2386,3.49
idle,2387,3.46
idle,2388,3.51
idle,2389,4.56
idle,2390,3.83
idle,2391,3.42
idle,2392,3.70
idle,2393,3.67
idle,2394,3.48
idle,2395,5.64
idle,2396,3.13
idle,2397,2.48
idle,2398,3.89
idle,2399,3.58
idle,2400,6.42
idle,2401,4.27
idle,2402,2.93
idle,2403,2.99
idle,2404,3.20
idle,2405,3.86
idle,2406,6.53
idle,2407,3.28
idle,2408,3.67
idle,2409,3.37
idle,2410,3.36
idle,2411,4.35
idle,2412,4.14
idle,2413,4.37
idle,2414,4.46
idle,2415,3.84
idle,2416,3.23
idle,2417,4.33
idle,2418,3.32
idle,2419,3.27
idle,2420,4.44
idle,2421,3.16
idle,2422,3.61
idle,2423,4.73
idle,2424,4.34
idle,2425,3.48
idle,2426,2.60
idle,2427,3.58
idle,2428,4.85
idle,2429,3.45
idle,2430,2.79
idle,2431,4.25
idle,2432,4.05
idle,2433,3.99
idle,2434,4.12
idle,2435,4.46
idle,2436,3.66
idle,2437,3.53
idle,2438,4.28
idle,2439,3.85
idle,2440,3.53
idle,2441,2.83
idle,2442,3.92
idle,2443,3.09
idle,2444,3.24
idle,2445,3.61
idle,2446,4.56
idle,2447,3.65
idle,2448,3.28
idle,2449,3.48
idle,2450,4.23
idle,2451,3.14
idle,2452,3.68
idle,2453,2.87
idle,2454,4.05
idle,2455,2.27
idle,2456,4.85
idle,2457,3.91
idle,2458,2.92
idle,2459,3.40
idle,2460,3.03
idle,2461,3.57
idle,2462,4.26
idle,2463,2.88
idle,2464,2.91
idle,2465,2.96
idle,2466,3.32
idle,2467,4.39
idle,2468,4.27
idle,2469,3.58
idle,2470,3.60
idle,2471,3.38
idle,2472,3.71
idle,2473,4.97
idle,2474,3.44
idle,2475,3.15
idle,2476,3.44
idle,2477,4.13
idle,2478,4.48
idle,2479,3.23
idle,2480,5.00
idle,2481,3.32
idle,2482,2.37
idle,2483,3.47
idle,2484,4.92
idle,2485,5.04
idle,2486,3.10
idle,2487,2.19
idle,2488,3.59
idle,2489,4.86
idle,2490,3.60
idle,2491,2.09
idle,2492,3.74
idle,2493,3.45
idle,2494,3.74
idle,2495,5.51
idle,2496,4.33
idle,2497,3.42
idle,2498,4.06
idle,2499,3.12
idle,2500,5.47
idle,2501,3.26
idle,2502,3.52
idle,2503,2.86
idle,2504,3.67
idle,2505,3.96
idle,2506,4.99
idle,2507,2.48
idle,2508,4.00
idle,2509,3.93
idle,2510,3.77
idle,2511,3.98
idle,2512,4.38
idle,2513,2.75
idle,2514,2.95
idle,2515,3.91
idle,2516,3.62
idle,2517,4.00
idle,2518,3.38
idle,2519,3.36
idle,2520,4.11
idle,2521,2.91
idle,2522,3.16
idle,2523,4.37
idle,2524,3.07
idle,2525,2.65
idle,2526,4.08
idle,2527,2.92
idle,2528,4.87
idle,2529,3.70
idle,2530,3.30
idle,2531,2.99
idle,2532,3.70
idle,2533,3.61
idle,2534,5.66
idle,2535,3.74
idle,2536,3.60
idle,2537,3.24
idle,2538,3.44
idle,2539,5.21
idle,2540,4.37
idle,2541,2.76
idle,2542,4.44
idle,2543,2.54
idle,2544,3.61
idle,2545,3.96
idle,2546,4.30
idle,2547,3.84
idle,2548,4.33
idle,2549,3.62
idle,2550,3.84
idle,2551,4.68
idle,2552,3.77
idle,2553,3.02
idle,2554,3.31
idle,2555,3.30
idle,2556,3.84
idle,2557,3.60
idle,2558,3.27
idle,2559,3.38
idle,2560,4.52
idle,2561,2.71
idle,2562,4.64
idle,2563,4.54
idle,2564,3.65
idle,2565,2.76
idle,2566,3.49
idle,2567,5.87
idle,2568,4.29
idle,2569,3.46
idle,2570,3.29
idle,2571,3.19
idle,2572,3.79
idle,2573,3.73
idle,2574,4.52
idle,2575,3.51
idle,2576,3.94
idle,2577,3.53
idle,2578,5.07
idle,2579,3.45
idle,2580,3.80
idle,2581,3.18
idle,2582,4.10
idle,2583,2.79
idle,2584,4.24
idle,2585,3.27
idle,2586,4.75
idle,2587,3.70
idle,2588,3.08
idle,2589,4.12
idle,2590,4.06
idle,2591,3.77
idle,2592,3.81
idle,2593,3.48
idle,2594,3.66
idle,2595,5.05
idle,2596,4.00
idle,2597,3.29
idle,2598,2.92
idle,2599,3.56
idle,2600,4.25
idle,2601,3.77
idle,2602,3.94
idle,2603,3.82
idle,2604,4.15
idle,2605,2.58
idle,2606,3.55
idle,2607,2.28
idle,2608,3.42
idle,2609,3.77
idle,2610,3.86
idle,2611,3.78
idle,2612,4.24
idle,2613,4.45
idle,2614,3.58
idle,2615,3.47
idle,2616,4.10
idle,2617,4.53
idle,2618,2.83
idle,2619,3.56
idle,2620,3.89
idle,2621,3.05
idle,2622,3.56
idle,2623,3.84
idle,2624,3.50
idle,2625,2.61
idle,2626,4.14
idle,2627,4.03
idle,2628,5.15
idle,2629,3.08
idle,2630,3.64
idle,2631,3.73
idle,2632,4.02
idle,2633,3.72
idle,2634,4.88
idle,2635,3.09
idle,2636,3.94
idle,2637,4.29
idle,2638,3.16
idle,2639,5.33
idle,2640,3.76
idle,2641,3.28
idle,2642,3.58
idle,2643,3.32
idle,2644,3.61
idle,2645,5.80
idle,2646,3.41
idle,2647,3.99
idle,2648,4.45
idle,2649,4.13
idle,2650,3.78
idle,2651,4.14
idle,2652,3.11
idle,2653,3.65
idle,2654,4.17
idle,2655,4.11
idle,2656,4.43
idle,2657,4.03
idle,2658,4.19
idle,2659,4.38
idle,2660,4.23
idle,2661,4.11
idle,2662,5.29
idle,2663,3.03
idle,2664,4.25
idle,2665,3.23
idle,2666,4.56
idle,2667,3.32
idle,2668,2.98
idle,2669,3.84
idle,2670,3.82
idle,2671,4.61
idle,2672,3.04
idle,2673,4.84
idle,2674,4.51
idle,2675,2.85
idle,2676,3.59
idle,2677,3.17
idle,2678,4.94
idle,2679,3.74
idle,2680,3.95
idle,2681,4.39
idle,2682,3.53
idle,2683,4.19
idle,2684,5.02
idle,2685,4.57
idle,2686,3.67
idle,2687,3.27
idle,2688,3.12
idle,2689,3.85
idle,2690,3.74
idle,2691,2.61
idle,2692,2.91
idle,2693,4.54
idle,2694,3.71
idle,2695,4.62
idle,2696,3.36
idle,2697,4.04
idle,2698,3.99
idle,2699,2.89
idle,2700,4.09
idle,2701,2.52
idle,2702,3.44
idle,2703,4.48
idle,2704,3.58
idle,2705,3.74
idle,2706,4.31
idle,2707,4.11
idle,2708,3.86
idle,2709,2.61
idle,2710,3.32
idle,2711,4.59
idle,2712,4.34
idle,2713,4.26
idle,2714,3.70
idle,2715,4.16
idle,2716,3.23
idle,2717,4.56
idle,2718,2.96
idle,2719,3.85
idle,2720,3.30
idle,2721,3.24
idle,2722,2.60
idle,2723,3.86
idle,2724,4.04
idle,2725,3.32
idle,2726,3.77
idle,2727,3.31
idle,2728,4.86
idle,2729,3.54
idle,2730,4.04
idle,2731,4.01
idle,2732,3.17
idle,2733,3.59
idle,2734,4.11
idle,2735,4.19
idle,2736,3.75
idle,2737,3.68
idle,2738,4.35
idle,2739,5.42
idle,2740,4.34
idle,2741,3.53
idle,2742,3.21
idle,2743,3.67
idle,2744,3.36
idle,2745,4.73
idle,2746,2.82
idle,2747,3.07
idle,2748,3.65
idle,2749,4.00
idle,2750,5.01
idle,2751,3.94
idle,2752,3.44
idle,2753,2.48
idle,2754,2.73
idle,2755,3.55
idle,2756,3.93
idle,2757,3.35
idle,2758,3.15
idle,2759,4.37
idle,2760,3.59
idle,2761,4.27
idle,2762,5.17
idle,2763,3.72
idle,2764,4.03
idle,2765,2.95
idle,2766,3.04
idle,2767,4.73
idle,2768,2.67
idle,2769,3.29
idle,2770,3.41
idle,2771,3.49
idle,2772,3.52
idle,2773,4.45
idle,2774,3.54
idle,2775,3.66
idle,2776,3.19
idle,2777,2.03
idle,2778,5.43
idle,2779,3.76
idle,2780,3.95
idle,2781,4.02
idle,2782,3.06
idle,2783,3.92
idle,2784,4.61
idle,2785,3.80
idle,2786,3.67
idle,2787,2.37
idle,2788,2.79
idle,2789,3.91
idle,2790,3.01
idle,2791,3.68
idle,2792,3.93
idle,2793,2.95
idle,2794,3.28
idle,2795,4.43
idle,2796,3.35
idle,2797,2.77
idle,2798,3.88
idle,2799,4.46
idle,2800,4.71
idle,2801,3.47
idle,2802,3.51
idle,2803,4.13
idle,2804,2.78
idle,2805,4.23
idle,2806,4.72
idle,2807,2.77
idle,2808,3.43
idle,2809,3.42
idle,2810,3.45
idle,2811,2.95
idle,2812,5.83
idle,2813,3.84
idle,2814,4.17
idle,2815,3.06
idle,2816,4.56
idle,2817,6.45
idle,2818,3.37
idle,2819,2.92
idle,2820,2.86
idle,2821,3.85
idle,2822,3.27
idle,2823,6.13
idle,2824,3.87
idle,2825,3.65
idle,2826,3.12
idle,2827,3.56
idle,2828,4.48
idle,2829,2.45
idle,2830,3.74
idle,2831,3.89
idle,2832,3.66
idle,2833,3.80
idle,2834,4.19
idle,2835,3.72
idle,2836,4.37
idle,2837,3.27
idle,2838,3.56
idle,2839,4.67
idle,2840,2.94
idle,2841,3.55
idle,2842,4.06
idle,2843,4.81
idle,2844,3.42
idle,2845,4.98
idle,2846,3.91
idle,2847,4.19
idle,2848,3.47
idle,2849,3.05
idle,2850,4.36
idle,2851,3.22
idle,2852,3.62
idle,2853,3.72
idle,2854,3.57
idle,2855,4.11
idle,2856,5.02
idle,2857,3.98
idle,2858,3.72
idle,2859,3.50
idle,2860,2.82
idle,2861,3.57
idle,2862,2.75
idle,2863,3.53
idle,2864,2.61
idle,2865,4.13
idle,2866,3.82
idle,2867,4.59
idle,2868,3.42
idle,2869,3.13
idle,2870,4.04
idle,2871,3.65
idle,2872,3.11
idle,2873,4.04
idle,2874,3.33
idle,2875,3.08
idle,2876,2.46
idle,2877,3.03
idle,2878,4.24
idle,2879,4.06
idle,2880,3.50
idle,2881,3.94
idle,2882,3.30
idle,2883,2.76
idle,2884,3.29
idle,2885,2.71
idle,2886,3.46
idle,2887,4.45
idle,2888,4.49
idle,2889,3.98
idle,2890,4.10
idle,2891,3.21
idle,2892,3.53
idle,2893,3.38
idle,2894,3.04
idle,2895,4.85
idle,2896,4.12
idle,2897,3.28
idle,2898,3.72
idle,2899,4.03
idle,2900,3.91
idle,2901,4.11
idle,2902,3.38
idle,2903,3.98
idle,2904,3.83
idle,2905,3.10
idle,2906,5.03
idle,2907,3.62
idle,2908,4.55
idle,2909,4.20
idle,2910,3.44
idle,2911,4.25
idle,2912,4.60
idle,2913,3.79
idle,2914,3.76
idle,2915,4.40
idle,2916,3.00
idle,2917,4.77
idle,2918,3.17
idle,2919,3.46
idle,2920,4.28
idle,2921,3.64
idle,2922,5.13
idle,2923,5.28
idle,2924,3.15
idle,2925,2.83
idle,2926,3.89
idle,2927,2.95
idle,2928,4.77
idle,2929,3.12
idle,2930,3.97
idle,2931,4.51
idle,2932,4.24
idle,2933,2.82
idle,2934,5.68
idle,2935,3.48
idle,2936,3.03
idle,2937,3.78
idle,2938,3.77
idle,2939,3.29
idle,2940,3.03
idle,2941,3.45
idle,2942,3.97
idle,2943,3.68
idle,2944,3.77
idle,2945,4.38
idle,2946,2.90
idle,2947,3.16
idle,2948,4.21
idle,2949,2.58
idle,2950,4.82
idle,2951,2.43
idle,2952,2.71
idle,2953,2.68
idle,2954,4.75
idle,2955,3.73
idle,2956,4.34
idle,2957,4.35
idle,2958,3.93
idle,2959,2.44
idle,2960,4.81
idle,2961,3.04
idle,2962,4.58
idle,2963,2.79
idle,2964,4.34
idle,2965,4.37
idle,2966,3.64
idle,2967,3.81
idle,2968,3.38
idle,2969,4.16
idle,2970,4.14
idle,2971,3.71
idle,2972,2.93
idle,2973,4.95
idle,2974,3.63
idle,2975,3.84
idle,2976,3.78
idle,2977,3.38
idle,2978,4.11
idle,2979,3.11
idle,2980,4.64
idle,2981,2.71
idle,2982,3.32
idle,2983,3.60
idle,2984,4.60
idle,2985,4.11
idle,2986,3.99
idle,2987,3.06
idle,2988,3.08
idle,2989,3.95
idle,2990,2.78
idle,2991,4.96
idle,2992,3.02
idle,2993,3.24
idle,2994,3.86
idle,2995,4.85
idle,2996,2.58
idle,2997,3.52
idle,2998,3.44
idle,2999,3.43
idle,3000,5.84
moving,1,5.21
moving,2,4.39
moving,3,4.57
moving,4,4.33
moving,5,6.46
moving,6,5.14
moving,7,5.84
moving,8,4.53
moving,9,5.26
moving,10,4.83
moving,11,6.25
moving,12,5.71
moving,13,3.89
moving,14,4.27
moving,15,4.64
moving,16,3.37
moving,17,5.52
moving,18,2.58
moving,19,4.62
moving,20,6.93
moving,21,3.88
moving,22,2.55
moving,23,3.06
moving,24,4.90
moving,25,4.27
moving,26,4.90
moving,27,4.02
moving,28,2.53
moving,29,3.13
moving,30,4.80
moving,31,4.05
moving,32,5.25
moving,33,2.38
moving,34,3.52
moving,35,5.76
moving,36,4.08
moving,37,3.64
moving,38,4.17
moving,39,5.89
moving,40,3.29
moving,41,4.39
moving,42,4.63
moving,43,3.43
moving,44,6.50
moving,45,4.25
moving,46,4.64
moving,47,5.12
moving,48,3.27
moving,49,4.84
moving,50,4.04
moving,51,3.67
moving,52,4.97
moving,53,4.19
moving,54,2.56
moving,55,3.11
moving,56,4.50
moving,57,4.68
moving,58,5.77
moving,59,6.64
moving,60,4.37
moving,61,5.19
moving,62,3.51
moving,63,5.22
moving,64,5.55
moving,65,4.19
moving,66,3.55
moving,67,5.27
moving,68,3.83
moving,69,4.46
moving,70,5.10
moving,71,2.68
moving,72,4.64
moving,73,2.08
moving,74,6.23
moving,75,3.94
moving,76,3.24
moving,77,3.81
moving,78,4.99
moving,79,4.25
moving,80,3.40
moving,81,5.14
moving,82,3.33
moving,83,5.54
moving,84,5.32
moving,85,4.23
moving,86,4.04
moving,87,4.04
moving,88,3.91
moving,89,6.02
moving,90,5.14
moving,91,3.29
moving,92,4.79
moving,93,5.38
moving,94,4.15
moving,95,4.38
moving,96,5.81
moving,97,4.33
moving,98,6.09
moving,99,2.65
moving,100,4.18
moving,101,3.84
moving,102,4.73
moving,103,3.16
moving,104,2.71
moving,105,5.56
moving,106,2.90
moving,107,4.10
moving,108,4.64
moving,109,4.62
moving,110,4.39
moving,111,3.73
moving,112,3.86
moving,113,6.14
moving,114,5.21
moving,115,5.59
moving,116,3.35
moving,117,2.22
moving,118,5.28
moving,119,2.19
moving,120,2.65
moving,121,3.83
moving,122,5.72
moving,123,4.54
moving,124,3.48
moving,125,5.25
moving,126,3.79
moving,127,5.59
moving,128,3.30
moving,129,3.17
moving,130,3.95
moving,131,3.78
moving,132,5.84
moving,133,3.30
moving,134,4.38
moving,135,3.36
moving,136,5.17
moving,137,4.69
moving,138,4.84
moving,139,5.03
moving,140,5.38
moving,141,3.21
moving,142,5.50
moving,143,3.52
moving,144,4.09
moving,145,2.77
moving,146,5.06
moving,147,5.56
moving,148,5.31
moving,149,4.10
moving,150,2.31
moving,151,3.70
moving,152,6.53
moving,153,3.61
moving,154,3.82
moving,155,5.24
moving,156,4.11
moving,157,6.64
moving,158,4.37
moving,159,4.49
moving,160,4.60
moving,161,4.01
moving,162,3.37
moving,163,3.47
moving,164,3.61
moving,165,4.76
moving,166,5.39
moving,167,3.23
moving,168,3.20
moving,169,2.90
moving,170,4.92
moving,171,3.77
moving,172,4.93
moving,173,2.25
moving,174,1.33
moving,175,3.56
moving,176,5.12
moving,177,4.33
moving,178,4.87
moving,179,3.37
moving,180,4.15
moving,181,4.25
moving,182,3.52
moving,183,5.34
moving,184,3.73
moving,185,5.94
moving,186,3.91
moving,187,3.76
moving,188,4.49
moving,189,3.38
moving,190,3.70
moving,191,7.74
moving,192,4.08
moving,193,4.36
moving,194,4.92
moving,195,3.95
moving,196,5.12
moving,197,4.32
moving,198,3.10
moving,199,3.68
moving,200,4.91
moving,201,5.60
moving,202,4.67
moving,203,4.02
moving,204,3.52
moving,205,5.38
moving,206,5.91
moving,207,4.73
moving,208,4.24
moving,209,2.72
moving,210,3.18
moving,211,2.95
moving,212,4.48
moving,213,3.91
moving,214,3.41
moving,215,4.86
moving,216,5.17
moving,217,5.41
moving,218,3.34
moving,219,4.52
moving,220,6.27
moving,221,4.93
moving,222,3.10
moving,223,5.20
moving,224,4.42
moving,225,3.56
moving,226,3.90
moving,227,3.52
moving,228,3.94
moving,229,3.13
moving,230,5.97
moving,231,3.08
moving,232,4.64
moving,233,3.48
moving,234,4.62
moving,235,5.32
moving,236,4.31
moving,237,4.81
moving,238,4.58
moving,239,4.17
moving,240,6.04
moving,241,3.14
moving,242,4.80
moving,243,3.55
moving,244,7.34
moving,245,4.36
moving,246,3.09
moving,247,3.40
moving,248,2.66
moving,249,3.50
moving,250,2.57
moving,251,2.69
moving,252,6.08
moving,253,3.31
moving,254,4.52
moving,255,2.80
moving,256,4.55
moving,257,4.52
moving,258,6.20
moving,259,7.08
moving,260,6.93
moving,261,4.14
moving,262,3.22
moving,263,4.18
moving,264,6.60
moving,265,2.75
moving,266,5.39
moving,267,4.57
moving,268,4.69
moving,269,4.78
moving,270,3.12
moving,271,3.78
moving,272,4.41
moving,273,4.15
moving,274,6.67
moving,275,2.55
moving,276,2.34
moving,277,5.33
moving,278,4.63
moving,279,2.81
moving,280,3.26
moving,281,4.78
moving,282,3.66
moving,283,4.83
moving,284,3.54
moving,285,5.51
moving,286,5.42
moving,287,3.72
moving,288,5.05
moving,289,2.15
moving,290,3.61
moving,291,5.04
moving,292,4.12
moving,293,4.23
moving,294,4.42
moving,295,3.34
moving,296,5.46
moving,297,4.70
moving,298,4.12
moving,299,5.52
moving,300,3.93
moving,301,4.17
moving,302,4.55
moving,303,6.90
moving,304,4.95
moving,305,3.43
moving,306,4.62
moving,307,3.72
moving,308,4.31
moving,309,4.19
moving,310,3.86
moving,311,5.59
moving,312,4.06
moving,313,5.17
moving,314,2.68
moving,315,5.06
moving,316,4.79
moving,317,3.51
moving,318,3.62
moving,319,4.85
moving,320,3.58
moving,321,3.96
moving,322,5.49
moving,323,2.55
moving,324,3.73
moving,325,4.65
moving,326,2.81
moving,327,5.53
moving,328,3.62
moving,329,2.38
moving,330,2.28
moving,331,4.15
moving,332,5.34
moving,333,3.92
moving,334,4.43
moving,335,3.95
moving,336,3.30
moving,337,5.02
moving,338,2.40
moving,339,2.28
moving,340,2.89
moving,341,3.03
moving,342,4.38
moving,343,4.97
moving,344,5.23
moving,345,3.84
moving,346,5.37
moving,347,3.96
moving,348,3.26
moving,349,4.27
moving,350,4.98
moving,351,3.81
moving,352,6.04
moving,353,5.85
moving,354,3.71
moving,355,4.65
moving,356,2.85
moving,357,2.62
moving,358,3.10
moving,359,3.61
moving,360,2.63
moving,361,5.68
moving,362,4.97
moving,363,5.03
moving,364,2.91
moving,365,5.73
moving,366,5.96
moving,367,3.78
moving,368,3.54
moving,369,5.22
moving,370,2.09
moving,371,5.99
moving,372,3.20
moving,373,3.71
moving,374,4.34
moving,375,3.72
moving,376,4.81
moving,377,5.42
moving,378,4.69
moving,379,5.83
moving,380,5.17
moving,381,6.74
moving,382,4.98
moving,383,4.86
moving,384,3.88
moving,385,5.77
moving,386,4.85
moving,387,6.16
moving,388,3.87
moving,389,3.53
moving,390,4.13
moving,391,5.36
moving,392,4.56
moving,393,3.30
moving,394,3.50
moving,395,3.84
moving,396,5.78
moving,397,4.34
moving,398,4.81
moving,399,3.53
moving,400,4.86
moving,401,2.90
moving,402,3.49
moving,403,3.93
moving,404,4.65
moving,405,5.55
moving,406,3.87
moving,407,4.24
moving,408,3.79
moving,409,4.66
moving,410,4.13
moving,411,5.54
moving,412,5.95
moving,413,4.36
moving,414,3.94
moving,415,5.73
moving,416,5.53
moving,417,5.91
moving,418,2.30
moving,419,4.41
moving,420,5.28
moving,421,3.86
moving,422,3.06
moving,423,5.39
moving,424,5.51
moving,425,4.09
moving,426,2.96
moving,427,3.71
moving,428,4.02
moving,429,3.43
moving,430,3.96
moving,431,5.66
moving,432,4.49
moving,433,3.40
moving,434,5.52
moving,435,4.42
moving,436,2.80
moving,437,4.34
moving,438,2.23
moving,439,4.27
moving,440,5.22
moving,441,2.49
moving,442,3.63
moving,443,4.40
moving,444,3.61
moving,445,3.02
moving,446,5.19
moving,447,4.41
moving,448,3.84
moving,449,3.92
moving,450,3.78
moving,451,4.50
moving,452,4.04
moving,453,3.83
moving,454,5.95
moving,455,4.41
moving,456,3.85
moving,457,3.86
moving,458,4.33
moving,459,4.95
moving,460,3.92
moving,461,4.36
moving,462,5.43
moving,463,5.13
moving,464,4.96
moving,465,4.40
moving,466,4.09
moving,467,3.93
moving,468,4.51
moving,469,4.04
moving,470,4.97
moving,471,3.85
moving,472,3.84
moving,473,3.68
moving,474,3.98
moving,475,3.63
moving,476,2.94
moving,477,2.86
moving,478,3.45
moving,479,4.62
moving,480,1.83
moving,481,4.04
moving,482,3.20
moving,483,4.98
moving,484,4.18
moving,485,3.34
moving,486,4.88
moving,487,4.30
moving,488,4.43
moving,489,3.57
moving,490,4.49
moving,491,5.07
moving,492,4.43
moving,493,5.32
moving,494,6.09
moving,495,4.70
moving,496,2.67
moving,497,3.51
moving,498,6.23
moving,499,3.29
moving,500,3.84
moving,501,4.06
moving,502,4.91
moving,503,4.60
moving,504,5.87
moving,505,2.37
moving,506,3.21
moving,507,2.51
moving,508,6.33
moving,509,4.18
moving,510,4.14
moving,511,4.07
moving,512,3.44
moving,513,5.51
moving,514,4.72
moving,515,5.09
moving,516,4.82
moving,517,4.81
moving,518,4.20
moving,519,4.99
moving,520,3.46
moving,521,4.55
moving,522,6.27
moving,523,4.91
moving,524,2.33
moving,525,4.10
moving,526,3.09
moving,527,4.65
moving,528,4.57
moving,529,2.94
moving,530,2.76
moving,531,4.19
moving,532,5.58
moving,533,4.61
moving,534,5.49
moving,535,5.18
moving,536,2.50
moving,537,3.56
moving,538,3.34
moving,539,2.83
moving,540,4.71
moving,541,4.27
moving,542,6.15
moving,543,3.67
moving,544,5.43
moving,545,4.16
moving,546,3.63
moving,547,14.95
moving,548,3.51
moving,549,5.36
moving,550,3.29
moving,551,3.82
moving,552,7.04
moving,553,4.60
moving,554,3.49
moving,555,5.71
moving,556,3.69
moving,557,7.66
moving,558,3.04
moving,559,5.44
moving,560,3.13
moving,561,3.58
moving,562,4.81
moving,563,3.26
moving,564,3.45
moving,565,3.46
moving,566,5.45
moving,567,5.05
moving,568,4.22
moving,569,3.65
moving,570,6.24
moving,571,6.25
moving,572,4.47
moving,573,6.27
moving,574,3.43
moving,575,4.35
moving,576,5.22
moving,577,4.67
moving,578,4.37
moving,579,3.54
moving,580,3.74
moving,581,5.14
moving,582,4.63
moving,583,2.18
moving,584,4.11
moving,585,4.60
moving,586,4.66
moving,587,3.28
moving,588,6.04
moving,589,3.62
moving,590,1.29
moving,591,6.78
moving,592,4.63
moving,593,4.17
moving,594,3.95
moving,595,5.11
moving,596,4.21
moving,597,5.20
moving,598,4.78
moving,599,5.13
moving,600,5.76
moving,601,5.51
moving,602,4.05
moving,603,4.28
moving,604,4.02
moving,605,5.04
moving,606,3.61
moving,607,3.72
moving,608,2.81
moving,609,3.17
moving,610,5.91
moving,611,3.19
moving,612,3.30
moving,613,6.03
moving,614,4.39
moving,615,4.00
moving,616,5.60
moving,617,5.75
moving,618,4.19
moving,619,4.05
moving,620,6.27
moving,621,7.19
moving,622,3.91
moving,623,5.45
moving,624,4.68
moving,625,4.26
moving,626,3.62
moving,627,5.13
moving,628,4.19
moving,629,3.93
moving,630,3.34
moving,631,5.01
moving,632,2.22
moving,633,2.97
moving,634,5.66
moving,635,5.57
moving,636,3.67
moving,637,3.68
moving,638,3.03
moving,639,4.08
moving,640,4.25
moving,641,3.85
moving,642,3.58
moving,643,2.65
moving,644,6.06
moving,645,5.02
moving,646,4.67
moving,647,5.02
moving,648,4.48
moving,649,5.69
moving,650,5.11
moving,651,4.53
moving,652,3.06
moving,653,5.83
moving,654,6.24
moving,655,3.43
moving,656,3.10
moving,657,2.06
moving,658,3.02
moving,659,6.35
moving,660,4.27
moving,661,5.21
moving,662,3.03
moving,663,4.73
moving,664,4.26
moving,665,4.41
moving,666,3.43
moving,667,3.15
moving,668,4.06
moving,669,5.08
moving,670,4.16
moving,671,3.35
moving,672,4.06
moving,673,1.92
moving,674,6.91
moving,675,4.93
moving,676,4.78
moving,677,4.36
moving,678,3.39
moving,679,5.48
moving,680,3.77
moving,681,3.85
moving,682,4.77
moving,683,5.87
moving,684,4.01
moving,685,4.69
moving,686,3.84
moving,687,4.62
moving,688,4.80
moving,689,5.34
moving,690,5.43
moving,691,4.99
moving,692,5.08
moving,693,6.98
moving,694,3.15
moving,695,4.09
moving,696,3.25
moving,697,4.93
moving,698,4.40
moving,699,2.58
moving,700,5.32
moving,701,4.52
moving,702,3.85
moving,703,6.42
moving,704,4.45
moving,705,4.42
moving,706,4.33
moving,707,5.33
moving,708,3.32
moving,709,4.83
moving,710,4.56
moving,711,3.69
moving,712,3.79
moving,713,5.06
moving,714,3.43
moving,715,5.57
moving,716,2.26
moving,717,2.73
moving,718,5.74
moving,719,4.76
moving,720,4.66
moving,721,2.94
moving,722,3.94
moving,723,4.16
moving,724,3.75
moving,725,4.29
moving,726,5.00
moving,727,4.87
moving,728,3.20
moving,729,3.36
moving,730,3.47
moving,731,4.03
moving,732,5.25
moving,733,3.84
moving,734,3.49
moving,735,4.12
moving,736,4.04
moving,737,4.56
moving,738,3.97
moving,739,2.99
moving,740,3.02
moving,741,2.91
moving,742,4.84
moving,743,3.38
moving,744,4.04
moving,745,3.38
moving,746,5.41
moving,747,4.69
moving,748,4.94
moving,749,3.57
moving,750,4.07
moving,751,4.30
moving,752,6.89
moving,753,4.94
moving,754,3.17
moving,755,3.85
moving,756,1.87
moving,757,4.47
moving,758,5.45
moving,759,5.75
moving,760,4.92
moving,761,4.46
moving,762,5.52
moving,763,2.32
moving,764,4.79
moving,765,4.77
moving,766,4.48
moving,767,5.07
moving,768,3.55
moving,769,4.01
moving,770,3.43
moving,771,6.19
moving,772,3.88
moving,773,4.66
moving,774,4.31
moving,775,6.05
moving,776,4.85
moving,777,4.35
moving,778,4.98
moving,779,3.33
moving,780,3.54
moving,781,6.57
moving,782,5.23
moving,783,4.27
moving,784,4.48
moving,785,2.88
moving,786,6.42
moving,787,3.79
moving,788,4.36
moving,789,3.36
moving,790,4.07
moving,791,4.01
moving,792,4.70
moving,793,2.78
moving,794,4.24
moving,795,2.54
moving,796,4.01
moving,797,3.69
moving,798,4.01
moving,799,2.52
moving,800,4.09
moving,801,4.13
moving,802,3.95
moving,803,5.06
moving,804,2.60
moving,805,4.68
moving,806,2.61
moving,807,4.20
moving,808,5.22
moving,809,4.57
moving,810,4.72
moving,811,3.21
moving,812,2.62
moving,813,3.40
moving,814,2.88
moving,815,5.62
moving,816,3.28
moving,817,3.17
moving,818,3.34
moving,819,5.61
moving,820,5.35
moving,821,4.09
moving,822,5.53
moving,823,5.10
moving,824,3.32
moving,825,6.48
moving,826,4.96
moving,827,5.24
moving,828,4.11
moving,829,3.14
moving,830,4.71
moving,831,4.81
moving,832,3.77
moving,833,4.97
moving,834,5.69
moving,835,3.50
moving,836,3.39
moving,837,3.14
moving,838,3.26
moving,839,4.69
moving,840,7.03
moving,841,3.06
moving,842,4.58
moving,843,5.83
moving,844,5.95
moving,845,2.76
moving,846,3.65
moving,847,4.28
moving,848,3.44
moving,849,3.76
moving,850,4.05
moving,851,4.68
moving,852,3.22
moving,853,4.95
moving,854,3.62
moving,855,3.97
moving,856,4.25
moving,857,4.47
moving,858,4.20
moving,859,5.32
moving,860,4.80
moving,861,3.53
moving,862,4.64
moving,863,4.73
moving,864,4.78
moving,865,3.20
moving,866,4.96
moving,867,4.91
moving,868,6.12
moving,869,5.72
moving,870,5.17
moving,871,3.29
moving,872,4.26
moving,873,5.09
moving,874,6.18
moving,875,4.42
moving,876,4.68
moving,877,3.75
moving,878,4.47
moving,879,6.33
moving,880,4.45
moving,881,3.99
moving,882,4.77
moving,883,6.65
moving,884,4.12
moving,885,3.18
moving,886,4.84
moving,887,4.87
moving,888,4.45
moving,889,3.79
moving,890,3.75
moving,891,3.64
moving,892,4.83
moving,893,4.62
moving,894,3.10
moving,895,4.47
moving,896,5.02
moving,897,4.13
moving,898,5.90
moving,899,5.62
moving,900,4.17
moving,901,4.09
moving,902,3.46
moving,903,3.93
moving,904,4.73
moving,905,4.61
moving,906,4.60
moving,907,3.83
moving,908,5.88
moving,909,5.17
moving,910,6.25
moving,911,5.11
moving,912,4.95
moving,913,5.13
moving,914,4.91
moving,915,4.29
moving,916,4.79
moving,917,6.51
moving,918,3.83
moving,919,4.87
moving,920,5.51
moving,921,5.34
moving,922,5.17
moving,923,4.07
moving,924,4.52
moving,925,5.34
moving,926,4.97
moving,927,5.35
moving,928,2.37
moving,929,3.96
moving,930,3.03
moving,931,3.83
moving,932,6.06
moving,933,4.62
moving,934,4.22
moving,935,4.05
moving,936,5.57
moving,937,5.10
moving,938,4.03
moving,939,3.06
moving,940,3.33
moving,941,5.03
moving,942,5.34
moving,943,2.95
moving,944,4.13
moving,945,3.35
moving,946,4.04
moving,947,4.57
moving,948,3.58
moving,949,3.12
moving,950,4.65
moving,951,4.29
moving,952,4.56
moving,953,3.14
moving,954,4.66
moving,955,4.15
moving,956,2.51
moving,957,3.80
moving,958,3.38
moving,959,4.68
moving,960,2.60
moving,961,4.44
moving,962,4.35
moving,963,5.11
moving,964,6.02
moving,965,6.18
moving,966,5.05
moving,967,3.07
moving,968,3.92
moving,969,1.20
moving,970,3.42
moving,971,4.86
moving,972,4.68
moving,973,4.57
moving,974,1.35
moving,975,5.70
moving,976,3.88
moving,977,6.09
moving,978,4.00
moving,979,4.77
moving,980,4.03
moving,981,5.02
moving,982,5.74
moving,983,4.14
moving,984,7.57
moving,985,3.08
moving,986,6.41
moving,987,4.32
moving,988,3.90
moving,989,4.34
moving,990,4.04
moving,991,2.82
moving,992,3.70
moving,993,2.77
moving,994,4.50
moving,995,3.58
moving,996,4.97
moving,997,4.14
moving,998,4.13
moving,999,2.95
moving,1000,5.17
moving,1001,6.13
moving,1002,5.27
moving,1003,3.16
moving,1004,6.29
moving,1005,5.00
moving,1006,4.94
moving,1007,4.80
moving,1008,5.33
moving,1009,2.63
moving,1010,6.21
moving,1011,3.20
moving,1012,3.52
moving,1013,2.95
moving,1014,5.69
moving,1015,4.34
moving,1016,4.72
moving,1017,4.27
moving,1018,3.34
moving,1019,4.34
moving,1020,5.08
moving,1021,3.56
moving,1022,3.57
moving,1023,3.70
moving,1024,4.73
moving,1025,4.22
moving,1026,3.40
moving,1027,3.10
moving,1028,4.26
moving,1029,4.80
moving,1030,5.08
moving,1031,2.73
moving,1032,4.79
moving,1033,4.29
moving,1034,3.85
moving,1035,5.44
moving,1036,3.79
moving,1037,4.91
moving,1038,5.43
moving,1039,4.07
moving,1040,4.49
moving,1041,5.23
moving,1042,4.24
moving,1043,2.56
moving,1044,6.34
moving,1045,2.59
moving,1046,3.82
moving,1047,4.56
moving,1048,4.76
moving,1049,5.19
moving,1050,4.76
moving,1051,4.91
moving,1052,4.21
moving,1053,5.89
moving,1054,6.92
moving,1055,4.64
moving,1056,3.06
moving,1057,3.99
moving,1058,5.28
moving,1059,6.56
moving,1060,4.62
moving,1061,4.39
moving,1062,6.39
moving,1063,2.41
moving,1064,4.25
moving,1065,4.53
moving,1066,4.23
moving,1067,28.49
moving,1068,4.21
moving,1069,3.51
moving,1070,3.11
moving,1071,4.46
moving,1072,4.31
moving,1073,4.37
moving,1074,4.16
moving,1075,3.77
moving,1076,3.32
moving,1077,3.76
moving,1078,3.53
moving,1079,5.38
moving,1080,4.86
moving,1081,3.02
moving,1082,4.43
moving,1083,5.14
moving,1084,2.94
moving,1085,4.24
moving,1086,3.45
moving,1087,3.32
moving,1088,4.61
moving,1089,4.73
moving,1090,4.34
moving,1091,4.66
moving,1092,4.17
moving,1093,5.40
moving,1094,4.38
moving,1095,4.30
moving,1096,3.70
moving,1097,4.65
moving,1098,4.71
moving,1099,2.73
moving,1100,4.96
moving,1101,4.34
moving,1102,3.07
moving,1103,6.96
moving,1104,3.99
moving,1105,4.23
moving,1106,6.63
moving,1107,3.17
moving,1108,3.86
moving,1109,4.40
moving,1110,3.37
moving,1111,2.96
moving,1112,6.33
moving,1113,7.03
moving,1114,5.19
moving,1115,5.00
moving,1116,4.93
moving,1117,4.29
moving,1118,5.07
moving,1119,4.45
moving,1120,4.77
moving,1121,5.05
moving,1122,7.48
moving,1123,5.83
moving,1124,3.73
moving,1125,3.95
moving,1126,3.00
moving,1127,5.55
moving,1128,4.73
moving,1129,3.15
moving,1130,3.49
moving,1131,3.21
moving,1132,3.65
moving,1133,3.27
moving,1134,3.49
moving,1135,4.96
moving,1136,5.38
moving,1137,3.29
moving,1138,4.06
moving,1139,3.71
moving,1140,4.66
moving,1141,3.17
moving,1142,4.59
moving,1143,4.54
moving,1144,3.81
moving,1145,5.64
moving,1146,4.10
moving,1147,5.66
moving,1148,4.77
moving,1149,3.73
moving,1150,4.03
moving,1151,3.56
moving,1152,3.34
moving,1153,4.69
moving,1154,3.89
moving,1155,5.34
moving,1156,3.30
moving,1157,4.68
moving,1158,3.83
moving,1159,3.65
moving,1160,3.40
moving,1161,6.20
moving,1162,3.50
moving,1163,4.11
moving,1164,4.40
moving,1165,3.67
moving,1166,4.63
moving,1167,3.40
moving,1168,5.33
moving,1169,4.58
moving,1170,3.50
moving,1171,4.39
moving,1172,5.32
moving,1173,2.95
moving,1174,3.18
moving,1175,3.63
moving,1176,4.36
moving,1177,3.83
moving,1178,5.28
moving,1179,5.01
moving,1180,5.58
moving,1181,4.35
moving,1182,2.80
moving,1183,4.52
moving,1184,3.12
moving,1185,3.59
moving,1186,5.29
moving,1187,3.93
moving,1188,4.91
moving,1189,3.48
moving,1190,4.65
moving,1191,4.95
moving,1192,3.48
moving,1193,4.49
moving,1194,3.58
moving,1195,4.72
moving,1196,5.34
moving,1197,3.48
moving,1198,4.86
moving,1199,2.13
moving,1200,4.46
moving,1201,4.00
moving,1202,4.09
moving,1203,4.10
moving,1204,5.13
moving,1205,3.62
moving,1206,4.08
moving,1207,3.16
moving,1208,5.22
moving,1209,3.22
moving,1210,5.43
moving,1211,2.09
moving,1212,4.41
moving,1213,3.51
moving,1214,4.12
moving,1215,5.06
moving,1216,4.06
moving,1217,4.12
moving,1218,5.51
moving,1219,3.96
moving,1220,4.15
moving,1221,4.40
moving,1222,5.64
moving,1223,3.08
moving,1224,4.55
moving,1225,6.90
moving,1226,4.11
moving,1227,5.10
moving,1228,3.38
moving,1229,5.67
moving,1230,4.22
moving,1231,3.81
moving,1232,4.06
moving,1233,3.52
moving,1234,3.88
moving,1235,5.08
moving,1236,4.22
moving,1237,5.04
moving,1238,3.66
moving,1239,2.73
moving,1240,5.62
moving,1241,4.40
moving,1242,4.75
moving,1243,4.86
moving,1244,6.06
moving,1245,3.97
moving,1246,4.57
moving,1247,1.26
moving,1248,5.07
moving,1249,6.16
moving,1250,2.42
moving,1251,4.43
moving,1252,3.67
moving,1253,4.40
moving,1254,5.77
moving,1255,4.64
moving,1256,3.50
moving,1257,4.77
moving,1258,3.83
moving,1259,6.43
moving,1260,3.80
moving,1261,3.18
moving,1262,1.97
moving,1263,3.40
moving,1264,6.24
moving,1265,4.96
moving,1266,3.66
moving,1267,4.03
moving,1268,5.78
moving,1269,5.09
moving,1270,4.62
moving,1271,3.89
moving,1272,3.43
moving,1273,5.52
moving,1274,4.23
moving,1275,6.40
moving,1276,5.29
moving,1277,5.10
moving,1278,3.39
moving,1279,6.26
moving,1280,4.24
moving,1281,3.88
moving,1282,4.59
moving,1283,5.90
moving,1284,4.94
moving,1285,2.76
moving,1286,4.13
moving,1287,3.18
moving,1288,7.78
moving,1289,3.83
moving,1290,3.65
moving,1291,5.04
moving,1292,4.04
moving,1293,5.94
moving,1294,4.49
moving,1295,4.65
moving,1296,5.14
moving,1297,4.61
moving,1298,4.52
moving,1299,4.06
moving,1300,4.31
moving,1301,4.53
moving,1302,4.37
moving,1303,5.91
moving,1304,5.06
moving,1305,3.78
moving,1306,3.47
moving,1307,5.20
moving,1308,5.85
moving,1309,3.75
moving,1310,3.38
moving,1311,4.55
moving,1312,3.80
moving,1313,4.03
moving,1314,4.31
moving,1315,5.34
moving,1316,4.52
moving,1317,4.27
moving,1318,5.86
moving,1319,3.75
moving,1320,6.62
moving,1321,4.02
moving,1322,4.80
moving,1323,4.52
moving,1324,3.72
moving,1325,5.16
moving,1326,3.75
moving,1327,5.83
moving,1328,3.47
moving,1329,3.01
moving,1330,4.02
moving,1331,5.04
moving,1332,3.80
moving,1333,3.13
moving,1334,5.00
moving,1335,4.58
moving,1336,4.11
moving,1337,3.73
moving,1338,4.54
moving,1339,4.13
moving,1340,4.44
moving,1341,4.08
moving,1342,6.97
moving,1343,4.04
moving,1344,4.65
moving,1345,2.52
moving,1346,3.31
moving,1347,4.96
moving,1348,3.35
moving,1349,5.80
moving,1350,3.22
moving,1351,3.19
moving,1352,4.17
moving,1353,4.81
moving,1354,5.03
moving,1355,4.19
moving,1356,5.64
moving,1357,4.61
moving,1358,3.35
moving,1359,4.40
moving,1360,4.78
moving,1361,5.96
moving,1362,4.28
moving,1363,4.29
moving,1364,3.93
moving,1365,3.62
moving,1366,4.63
moving,1367,3.12
moving,1368,2.79
moving,1369,4.95
moving,1370,3.81
moving,1371,5.81
moving,1372,3.87
moving,1373,3.70
moving,1374,5.06
moving,1375,5.49
moving,1376,6.40
moving,1377,2.84
moving,1378,3.73
moving,1379,4.71
moving,1380,3.12
moving,1381,5.50
moving,1382,4.23
moving,1383,2.61
moving,1384,2.60
moving,1385,3.38
moving,1386,3.58
moving,1387,4.93
moving,1388,5.79
moving,1389,3.74
moving,1390,3.67
moving,1391,4.92
moving,1392,4.39
moving,1393,3.65
moving,1394,4.73
moving,1395,4.94
moving,1396,5.59
moving,1397,3.12
moving,1398,4.53
moving,1399,3.88
moving,1400,4.57
moving,1401,5.28
moving,1402,4.18
moving,1403,4.98
moving,1404,3.69
moving,1405,5.51
moving,1406,4.78
moving,1407,3.42
moving,1408,3.96
moving,1409,3.65
moving,1410,6.12
moving,1411,3.79
moving,1412,3.85
moving,1413,3.84
moving,1414,3.93
moving,1415,6.82
moving,1416,2.61
moving,1417,3.94
moving,1418,3.59
moving,1419,4.79
moving,1420,3.68
moving,1421,3.60
moving,1422,2.99
moving,1423,5.18
moving,1424,2.93
moving,1425,4.79
moving,1426,4.72
moving,1427,6.12
moving,1428,3.56
moving,1429,5.83
moving,1430,5.71
moving,1431,4.72
moving,1432,5.01
moving,1433,7.24
moving,1434,3.99
moving,1435,5.59
moving,1436,4.51
moving,1437,3.24
moving,1438,5.48
moving,1439,5.42
moving,1440,4.92
moving,1441,3.21
moving,1442,4.15
moving,1443,2.71
moving,1444,5.21
moving,1445,5.71
moving,1446,7.18
moving,1447,4.66
moving,1448,4.01
moving,1449,4.54
moving,1450,4.42
moving,1451,3.65
moving,1452,3.38
moving,1453,4.44
moving,1454,4.41
moving,1455,2.86
moving,1456,4.57
moving,1457,4.05
moving,1458,5.02
moving,1459,5.90
moving,1460,5.14
moving,1461,4.21
moving,1462,5.10
moving,1463,4.15
moving,1464,7.22
moving,1465,4.65
moving,1466,3.17
moving,1467,4.96
moving,1468,3.90
moving,1469,7.31
moving,1470,4.05
moving,1471,3.77
moving,1472,4.43
moving,1473,2.54
moving,1474,4.02
moving,1475,4.29
moving,1476,5.01
moving,1477,1.79
moving,1478,4.99
moving,1479,2.69
moving,1480,2.77
moving,1481,2.79
moving,1482,5.11
moving,1483,5.19
moving,1484,4.40
moving,1485,4.45
moving,1486,4.80
moving,1487,3.74
moving,1488,5.82
moving,1489,3.85
moving,1490,5.07
moving,1491,2.19
moving,1492,4.56
moving,1493,7.25
moving,1494,3.42
moving,1495,6.20
moving,1496,4.39
moving,1497,5.77
moving,1498,4.62
moving,1499,2.55
moving,1500,3.44
moving,1501,2.57
moving,1502,3.57
moving,1503,4.77
moving,1504,3.45
moving,1505,2.97
moving,1506,4.25
moving,1507,3.25
moving,1508,6.47
moving,1509,2.18
moving,1510,3.24
moving,1511,4.98
moving,1512,3.43
moving,1513,6.30
moving,1514,3.11
moving,1515,5.25
moving,1516,3.70
moving,1517,3.51
moving,1518,4.90
moving,1519,4.41
moving,1520,3.46
moving,1521,4.34
moving,1522,5.96
moving,1523,4.03
moving,1524,2.93
moving,1525,3.10
moving,1526,4.12
moving,1527,6.66
moving,1528,3.94
moving,1529,4.33
moving,1530,2.88
moving,1531,3.82
moving,1532,4.30
moving,1533,4.31
moving,1534,3.98
moving,1535,4.70
moving,1536,4.58
moving,1537,4.76
moving,1538,4.16
moving,1539,3.91
moving,1540,4.79
moving,1541,4.23
moving,1542,4.59
moving,1543,5.45
moving,1544,4.20
moving,1545,5.50
moving,1546,4.46
moving,1547,4.85
moving,1548,4.75
moving,1549,3.19
moving,1550,4.32
moving,1551,4.40
moving,1552,4.10
moving,1553,2.61
moving,1554,4.22
moving,1555,3.57
moving,1556,5.18
moving,1557,4.42
moving,1558,5.18
moving,1559,4.65
moving,1560,3.68
moving,1561,4.68
moving,1562,4.05
moving,1563,5.46
moving,1564,4.92
moving,1565,3.87
moving,1566,6.89
moving,1567,3.52
moving,1568,3.44
moving,1569,5.47
moving,1570,2.43
moving,1571,3.21
moving,1572,1.51
moving,1573,4.87
moving,1574,3.09
moving,1575,4.64
moving,1576,6.71
moving,1577,4.41
moving,1578,5.89
moving,1579,3.88
moving,1580,3.78
moving,1581,6.97
moving,1582,3.21
moving,1583,4.56
moving,1584,3.92
moving,1585,5.14
moving,1586,4.56
moving,1587,3.91
moving,1588,5.43
moving,1589,4.29
moving,1590,4.98
moving,1591,5.86
moving,1592,6.84
moving,1593,4.66
moving,1594,3.59
moving,1595,1.30
moving,1596,4.35
moving,1597,5.49
moving,1598,2.72
moving,1599,3.97
moving,1600,3.41
moving,1601,4.30
moving,1602,1.75
moving,1603,2.58
moving,1604,5.11
moving,1605,5.34
moving,1606,4.28
moving,1607,3.46
moving,1608,3.95
moving,1609,3.80
moving,1610,5.39
moving,1611,4.98
moving,1612,4.73
moving,1613,4.58
moving,1614,3.61
moving,1615,4.87
moving,1616,6.06
moving,1617,4.33
moving,1618,3.80
moving,1619,6.60
moving,1620,4.41
moving,1621,3.94
moving,1622,4.59
moving,1623,5.19
moving,1624,4.23
moving,1625,5.03
moving,1626,4.56
moving,1627,3.87
moving,1628,6.69
moving,1629,4.81
moving,1630,5.19
moving,1631,4.05
moving,1632,4.79
moving,1633,3.20
moving,1634,3.77
moving,1635,6.41
moving,1636,4.60
moving,1637,6.58
moving,1638,4.77
moving,1639,1.71
moving,1640,5.79
moving,1641,2.76
moving,1642,2.71
moving,1643,5.12
moving,1644,5.51
moving,1645,5.05
moving,1646,3.81
moving,1647,4.31
moving,1648,3.58
moving,1649,6.29
moving,1650,3.32
moving,1651,4.22
moving,1652,2.95
moving,1653,3.11
moving,1654,6.07
moving,1655,3.17
moving,1656,2.80
moving,1657,6.56
moving,1658,3.81
moving,1659,3.49
moving,1660,4.54
moving,1661,3.94
moving,1662,4.35
moving,1663,4.61
moving,1664,5.04
moving,1665,4.80
moving,1666,4.48
moving,1667,4.24
moving,1668,3.37
moving,1669,5.54
moving,1670,5.64
moving,1671,5.72
moving,1672,4.63
moving,1673,4.71
moving,1674,4.63
moving,1675,4.38
moving,1676,3.80
moving,1677,4.70
moving,1678,3.34
moving,1679,6.33
moving,1680,3.18
moving,1681,4.44
moving,1682,3.12
moving,1683,5.67
moving,1684,4.16
moving,1685,3.59
moving,1686,3.15
moving,1687,3.05
moving,1688,6.50
moving,1689,3.28
moving,1690,2.35
moving,1691,4.81
moving,1692,5.57
moving,1693,5.64
moving,1694,3.53
moving,1695,4.42
moving,1696,3.88
moving,1697,3.29
moving,1698,6.47
moving,1699,3.42
moving,1700,5.98
moving,1701,3.71
moving,1702,4.38
moving,1703,6.41
moving,1704,4.75
moving,1705,4.04
moving,1706,4.54
moving,1707,4.25
moving,1708,3.47
moving,1709,4.85
moving,1710,2.50
moving,1711,4.67
moving,1712,3.28
moving,1713,5.76
moving,1714,4.08
moving,1715,3.31
moving,1716,6.82
moving,1717,3.71
moving,1718,4.81
moving,1719,3.96
moving,1720,5.27
moving,1721,6.91
moving,1722,4.50
moving,1723,4.50
moving,1724,4.83
moving,1725,4.81
moving,1726,4.08
moving,1727,3.83
moving,1728,5.04
moving,1729,2.53
moving,1730,4.04
moving,1731,4.90
moving,1732,3.82
moving,1733,4.18
moving,1734,3.72
moving,1735,5.34
moving,1736,3.27
moving,1737,4.89
moving,1738,3.59
moving,1739,3.77
moving,1740,2.93
moving,1741,3.69
moving,1742,4.30
moving,1743,2.91
moving,1744,5.43
moving,1745,4.95
moving,1746,4.54
moving,1747,6.97
moving,1748,3.54
moving,1749,3.84
moving,1750,3.08
moving,1751,6.28
moving,1752,6.21
moving,1753,4.81
moving,1754,2.89
moving,1755,4.81
moving,1756,3.43
moving,1757,4.23
moving,1758,2.62
moving,1759,3.69
moving,1760,3.62
moving,1761,5.39
moving,1762,6.18
moving,1763,4.97
moving,1764,3.81
moving,1765,4.66
moving,1766,5.47
moving,1767,4.44
moving,1768,3.11
moving,1769,3.16
moving,1770,5.01
moving,1771,4.86
moving,1772,4.56
moving,1773,3.38
moving,1774,4.91
moving,1775,4.66
moving,1776,4.87
moving,1777,3.32
moving,1778,3.77
moving,1779,4.18
moving,1780,4.17
moving,1781,4.60
moving,1782,3.71
moving,1783,5.67
moving,1784,4.28
moving,1785,3.51
moving,1786,4.00
moving,1787,3.57
moving,1788,4.90
moving,1789,3.25
moving,1790,5.28
moving,1791,4.70
moving,1792,4.10
moving,1793,4.03
moving,1794,3.79
moving,1795,5.03
moving,1796,6.12
moving,1797,4.54
moving,1798,4.14
moving,1799,2.33
moving,1800,3.92
moving,1801,5.27
moving,1802,3.58
moving,1803,4.75
moving,1804,6.27
moving,1805,5.04
moving,1806,4.35
moving,1807,3.88
moving,1808,4.06
moving,1809,5.14
moving,1810,5.72
moving,1811,3.47
moving,1812,3.66
moving,1813,3.34
moving,1814,3.27
moving,1815,5.62
moving,1816,3.37
moving,1817,6.23
moving,1818,5.61
moving,1819,3.06
moving,1820,4.73
moving,1821,4.00
moving,1822,3.40
moving,1823,2.88
moving,1824,5.92
moving,1825,5.41
moving,1826,4.79
moving,1827,4.59
moving,1828,4.95
moving,1829,4.95
moving,1830,4.99
moving,1831,4.00
moving,1832,3.53
moving,1833,4.57
moving,1834,4.13
moving,1835,4.66
moving,1836,5.01
moving,1837,4.06
moving,1838,5.63
moving,1839,2.13
moving,1840,5.85
moving,1841,3.46
moving,1842,4.12
moving,1843,3.62
moving,1844,4.18
moving,1845,3.02
moving,1846,5.14
moving,1847,3.84
moving,1848,3.89
moving,1849,4.81
moving,1850,4.33
moving,1851,4.94
moving,1852,4.58
moving,1853,3.41
moving,1854,6.09
moving,1855,4.34
moving,1856,3.28
moving,1857,4.87
moving,1858,4.58
moving,1859,6.86
moving,1860,5.04
moving,1861,3.90
moving,1862,3.81
moving,1863,5.29
moving,1864,6.53
moving,1865,4.76
moving,1866,4.39
moving,1867,3.73
moving,1868,3.34
moving,1869,6.77
moving,1870,4.19
moving,1871,2.00
moving,1872,3.76
moving,1873,4.33
moving,1874,5.11
moving,1875,4.80
moving,1876,4.56
moving,1877,3.69
moving,1878,2.29
moving,1879,4.33
moving,1880,4.41
moving,1881,2.25
moving,1882,4.56
moving,1883,5.66
moving,1884,4.19
moving,1885,3.76
moving,1886,6.08
moving,1887,4.09
moving,1888,7.35
moving,1889,4.30
moving,1890,4.04
moving,1891,4.94
moving,1892,4.83
moving,1893,3.43
moving,1894,2.82
moving,1895,5.01
moving,1896,3.67
moving,1897,3.70
moving,1898,6.06
moving,1899,5.08
moving,1900,3.84
moving,1901,4.10
moving,1902,3.19
moving,1903,5.03
moving,1904,3.30
moving,1905,5.92
moving,1906,4.77
moving,1907,5.09
moving,1908,5.58
moving,1909,4.46
moving,1910,5.40
moving,1911,2.76
moving,1912,4.52
moving,1913,5.66
moving,1914,3.23
moving,1915,3.79
moving,1916,4.40
moving,1917,3.03
moving,1918,4.61
moving,1919,4.34
moving,1920,4.06
moving,1921,3.64
moving,1922,4.97
moving,1923,3.02
moving,1924,4.76
moving,1925,4.07
moving,1926,4.32
moving,1927,4.54
moving,1928,3.42
moving,1929,5.56
moving,1930,4.83
moving,1931,3.74
moving,1932,7.32
moving,1933,3.96
moving,1934,3.50
moving,1935,3.61
moving,1936,2.84
moving,1937,6.13
moving,1938,3.48
moving,1939,3.03
moving,1940,4.48
moving,1941,3.03
moving,1942,5.18
moving,1943,3.56
moving,1944,5.44
moving,1945,4.02
moving,1946,4.41
moving,1947,5.61
moving,1948,3.47
moving,1949,4.85
moving,1950,3.78
moving,1951,3.30
moving,1952,6.42
moving,1953,4.77
moving,1954,2.74
moving,1955,4.40
moving,1956,3.88
moving,1957,4.88
moving,1958,5.22
moving,1959,4.14
moving,1960,1.99
moving,1961,5.39
moving,1962,3.25
moving,1963,3.98
moving,1964,2.30
moving,1965,3.70
moving,1966,5.79
moving,1967,6.53
moving,1968,4.18
moving,1969,4.25
moving,1970,3.33
moving,1971,4.05
moving,1972,5.22
moving,1973,5.22
moving,1974,4.19
moving,1975,4.17
moving,1976,6.17
moving,1977,4.22
moving,1978,4.38
moving,1979,3.11
moving,1980,4.07
moving,1981,5.89
moving,1982,3.84
moving,1983,4.79
moving,1984,5.63
moving,1985,3.93
moving,1986,3.52
moving,1987,4.69
moving,1988,3.53
moving,1989,5.62
moving,1990,5.08
moving,1991,4.17
moving,1992,3.62
moving,1993,3.68
moving,1994,5.26
moving,1995,3.97
moving,1996,5.57
moving,1997,1.79
moving,1998,4.47
moving,1999,3.67
moving,2000,6.01
moving,2001,5.73
moving,2002,5.84
moving,2003,5.82
moving,2004,2.61
moving,2005,5.30
moving,2006,2.68
moving,2007,4.10
moving,2008,3.91
moving,2009,3.36
moving,2010,4.11
moving,2011,2.29
moving,2012,4.50
moving,2013,3.49
moving,2014,3.86
moving,2015,5.33
moving,2016,4.12
moving,2017,4.08
moving,2018,3.04
moving,2019,5.65
moving,2020,5.65
moving,2021,5.02
moving,2022,3.32
moving,2023,4.18
moving,2024,5.19
moving,2025,5.35
moving,2026,5.73
moving,2027,3.18
moving,2028,4.22
moving,2029,4.22
moving,2030,3.99
moving,2031,4.41
moving,2032,5.84
moving,2033,2.95
moving,2034,4.86
moving,2035,3.31
moving,2036,5.10
moving,2037,4.76
moving,2038,4.22
moving,2039,4.94
moving,2040,5.93
moving,2041,5.51
moving,2042,4.47
moving,2043,2.34
moving,2044,4.11
moving,2045,5.70
moving,2046,2.33
moving,2047,2.52
moving,2048,4.58
moving,2049,4.05
moving,2050,2.18
moving,2051,3.48
moving,2052,6.09
moving,2053,5.47
moving,2054,5.35
moving,2055,4.49
moving,2056,4.01
moving,2057,3.09
moving,2058,3.74
moving,2059,5.21
moving,2060,2.88
moving,2061,5.52
moving,2062,3.28
moving,2063,5.59
moving,2064,3.17
moving,2065,2.47
moving,2066,5.07
moving,2067,4.99
moving,2068,3.89
moving,2069,7.58
moving,2070,3.85
moving,2071,3.87
moving,2072,3.13
moving,2073,1.94
moving,2074,3.88
moving,2075,5.90
moving,2076,6.08
moving,2077,3.16
moving,2078,2.30
moving,2079,6.47
moving,2080,4.76
moving,2081,2.41
moving,2082,4.42
moving,2083,5.14
moving,2084,3.06
moving,2085,3.60
moving,2086,5.73
moving,2087,4.11
moving,2088,6.90
moving,2089,3.12
moving,2090,3.68
moving,2091,3.41
moving,2092,3.01
moving,2093,4.42
moving,2094,5.35
moving,2095,4.36
moving,2096,5.58
moving,2097,1.68
moving,2098,5.83
moving,2099,3.52
moving,2100,5.14
moving,2101,5.13
moving,2102,2.67
moving,2103,6.57
moving,2104,4.19
moving,2105,4.86
moving,2106,4.32
moving,2107,4.42
moving,2108,2.51
moving,2109,4.93
moving,2110,2.78
moving,2111,4.01
moving,2112,5.86
moving,2113,6.13
moving,2114,3.54
moving,2115,4.09
moving,2116,3.25
moving,2117,4.33
moving,2118,4.56
moving,2119,5.38
moving,2120,5.36
moving,2121,2.70
moving,2122,5.05
moving,2123,3.51
moving,2124,5.41
moving,2125,2.06
moving,2126,2.20
moving,2127,3.81
moving,2128,3.92
moving,2129,4.46
moving,2130,3.52
moving,2131,4.81
moving,2132,4.75
moving,2133,2.98
moving,2134,2.82
moving,2135,2.96
moving,2136,4.33
moving,2137,4.33
moving,2138,4.33
moving,2139,5.27
moving,2140,3.73
moving,2141,3.83
moving,2142,4.60
moving,2143,4.32
moving,2144,24.55
moving,2145,3.71
moving,2146,3.40
moving,2147,4.10
moving,2148,5.42
moving,2149,4.91
moving,2150,2.93
moving,2151,3.40
moving,2152,5.46
moving,2153,2.49
moving,2154,3.07
moving,2155,3.77
moving,2156,3.23
moving,2157,4.93
moving,2158,6.07
moving,2159,4.02
moving,2160,4.42
moving,2161,5.26
moving,2162,4.03
moving,2163,5.17
moving,2164,3.21
moving,2165,3.71
moving,2166,3.38
moving,2167,4.74
moving,2168,3.13
moving,2169,2.78
moving,2170,5.15
moving,2171,5.36
moving,2172,4.37
moving,2173,3.81
moving,2174,5.11
moving,2175,3.93
moving,2176,5.78
moving,2177,4.12
moving,2178,4.73
moving,2179,5.72
moving,2180,1.92
moving,2181,5.37
moving,2182,5.47
moving,2183,3.13
moving,2184,3.70
moving,2185,4.80
moving,2186,6.00
moving,2187,3.86
moving,2188,4.37
moving,2189,4.32
moving,2190,4.48
moving,2191,5.65
moving,2192,3.22
moving,2193,3.53
moving,2194,3.63
moving,2195,4.28
moving,2196,5.13
moving,2197,3.87
moving,2198,3.95
moving,2199,5.01
moving,2200,5.67
moving,2201,5.81
moving,2202,4.39
moving,2203,4.84
moving,2204,4.69
moving,2205,5.65
moving,2206,5.63
moving,2207,4.07
moving,2208,4.81
moving,2209,4.72
moving,2210,5.85
moving,2211,5.86
moving,2212,4.14
moving,2213,4.09
moving,2214,5.07
moving,2215,6.33
moving,2216,3.90
moving,2217,3.15
moving,2218,4.14
moving,2219,6.08
moving,2220,4.34
moving,2221,3.08
moving,2222,4.06
moving,2223,4.82
moving,2224,3.32
moving,2225,5.71
moving,2226,3.25
moving,2227,3.52
moving,2228,4.26
moving,2229,3.69
moving,2230,3.96
moving,2231,4.86
moving,2232,4.99
moving,2233,1.81
moving,2234,3.46
moving,2235,4.21
moving,2236,4.03
moving,2237,3.98
moving,2238,4.49
moving,2239,2.89
moving,2240,5.53
moving,2241,4.82
moving,2242,4.84
moving,2243,4.54
moving,2244,5.96
moving,2245,2.15
moving,2246,5.02
moving,2247,5.91
moving,2248,4.58
moving,2249,6.09
moving,2250,3.42
moving,2251,5.59
moving,2252,5.07
moving,2253,5.86
moving,2254,5.43
moving,2255,5.00
moving,2256,3.17
moving,2257,4.66
moving,2258,3.56
moving,2259,3.92
moving,2260,3.52
moving,2261,3.03
moving,2262,3.15
moving,2263,5.58
moving,2264,6.43
moving,2265,5.28
moving,2266,5.18
moving,2267,3.89
moving,2268,4.69
moving,2269,5.99
moving,2270,3.41
moving,2271,5.04
moving,2272,3.30
moving,2273,3.43
moving,2274,5.75
moving,2275,2.21
moving,2276,3.64
moving,2277,3.58
moving,2278,3.14
moving,2279,4.81
moving,2280,6.84
moving,2281,2.96
moving,2282,3.85
moving,2283,4.01
moving,2284,2.78
moving,2285,5.18
moving,2286,3.17
moving,2287,4.11
moving,2288,5.97
moving,2289,3.96
moving,2290,4.08
moving,2291,3.86
moving,2292,3.55
moving,2293,6.75
moving,2294,2.53
moving,2295,2.71
moving,2296,5.30
moving,2297,2.15
moving,2298,5.66
moving,2299,5.14
moving,2300,2.71
moving,2301,4.35
moving,2302,2.98
moving,2303,4.24
moving,2304,4.36
moving,2305,3.17
moving,2306,3.17
moving,2307,4.27
moving,2308,5.81
moving,2309,4.88
moving,2310,3.96
moving,2311,1.69
moving,2312,3.54
moving,2313,5.55
moving,2314,5.40
moving,2315,4.11
moving,2316,3.48
moving,2317,5.53
moving,2318,5.67
moving,2319,2.69
moving,2320,4.92
moving,2321,5.63
moving,2322,6.87
moving,2323,4.21
moving,2324,5.16
moving,2325,3.90
moving,2326,4.23
moving,2327,4.82
moving,2328,4.48
moving,2329,6.29
moving,2330,3.70
moving,2331,3.30
moving,2332,5.57
moving,2333,4.58
moving,2334,4.11
moving,2335,4.53
moving,2336,3.85
moving,2337,4.32
moving,2338,2.30
moving,2339,5.39
moving,2340,5.30
moving,2341,4.37
moving,2342,5.42
moving,2343,3.03
moving,2344,3.14
moving,2345,2.71
moving,2346,4.29
moving,2347,2.46
moving,2348,4.24
moving,2349,1.96
moving,2350,3.98
moving,2351,5.57
moving,2352,5.44
moving,2353,2.14
moving,2354,4.48
moving,2355,4.06
moving,2356,2.47
moving,2357,5.29
moving,2358,4.76
moving,2359,5.20
moving,2360,4.90
moving,2361,5.60
moving,2362,3.41
moving,2363,4.48
moving,2364,5.03
moving,2365,3.63
moving,2366,5.41
moving,2367,4.58
moving,2368,4.99
moving,2369,4.48
moving,2370,3.05
moving,2371,3.90
moving,2372,5.30
moving,2373,4.24
moving,2374,5.32
moving,2375,4.23
moving,2376,5.18
moving,2377,3.58
moving,2378,5.59
moving,2379,4.91
moving,2380,4.93
moving,2381,5.54
moving,2382,3.89
moving,2383,3.98
moving,2384,3.43
moving,2385,5.00
moving,2386,4.49
moving,2387,4.39
moving,2388,4.56
moving,2389,4.80
moving,2390,3.80
moving,2391,4.01
moving,2392,3.84
moving,2393,3.87
moving,2394,4.59
moving,2395,4.42
moving,2396,4.93
moving,2397,3.07
moving,2398,3.80
moving,2399,4.27
moving,2400,5.09
moving,2401,4.28
moving,2402,3.32
moving,2403,4.16
moving,2404,3.75
moving,2405,5.85
moving,2406,3.03
moving,2407,4.83
moving,2408,2.68
moving,2409,3.78
moving,2410,4.58
moving,2411,3.04
moving,2412,4.39
moving,2413,3.03
moving,2414,4.87
moving,2415,2.99
moving,2416,4.63
moving,2417,3.66
moving,2418,4.41
moving,2419,3.20
moving,2420,6.19
moving,2421,5.60
moving,2422,3.01
moving,2423,6.13
moving,2424,4.77
moving,2425,4.20
moving,2426,3.99
moving,2427,3.21
moving,2428,5.01
moving,2429,5.65
moving,2430,7.91
moving,2431,4.11
moving,2432,3.49
moving,2433,2.60
moving,2434,4.59
moving,2435,6.36
moving,2436,3.55
moving,2437,4.29
moving,2438,3.76
moving,2439,4.38
moving,2440,4.66
moving,2441,4.68
moving,2442,3.43
moving,2443,2.57
moving,2444,4.49
moving,2445,3.94
moving,2446,3.07
moving,2447,5.66
moving,2448,3.41
moving,2449,4.41
moving,2450,3.93
moving,2451,5.27
moving,2452,4.34
moving,2453,4.35
moving,2454,5.49
moving,2455,5.16
moving,2456,3.94
moving,2457,5.26
moving,2458,4.13
moving,2459,6.77
moving,2460,4.90
moving,2461,5.52
moving,2462,6.50
moving,2463,2.91
moving,2464,4.88
moving,2465,4.42
moving,2466,3.84
moving,2467,3.84
moving,2468,4.96
moving,2469,5.28
moving,2470,4.59
moving,2471,4.59
moving,2472,4.75
moving,2473,3.99
moving,2474,5.05
moving,2475,4.79
moving,2476,3.52
moving,2477,4.67
moving,2478,3.88
moving,2479,4.80
moving,2480,6.00
moving,2481,4.17
moving,2482,5.17
moving,2483,5.79
moving,2484,3.49
moving,2485,4.02
moving,2486,3.26
moving,2487,4.11
moving,2488,4.47
moving,2489,5.73
moving,2490,2.80
moving,2491,2.72
moving,2492,3.80
moving,2493,5.41
moving,2494,4.12
moving,2495,4.34
moving,2496,3.13
moving,2497,4.93
moving,2498,6.10
moving,2499,3.39
moving,2500,4.68
moving,2501,3.46
moving,2502,4.92
moving,2503,6.48
moving,2504,5.04
moving,2505,5.52
moving,2506,3.40
moving,2507,3.59
moving,2508,4.51
moving,2509,2.46
moving,2510,3.06
moving,2511,4.99
moving,2512,4.71
moving,2513,5.24
moving,2514,3.48
moving,2515,4.19
moving,2516,3.19
moving,2517,4.61
moving,2518,4.88
moving,2519,3.28
moving,2520,3.38
moving,2521,4.50
moving,2522,5.47
moving,2523,4.72
moving,2524,3.65
moving,2525,4.90
moving,2526,4.94
moving,2527,4.11
moving,2528,3.80
moving,2529,4.52
moving,2530,4.41
moving,2531,5.08
moving,2532,4.49
moving,2533,4.25
moving,2534,3.73
moving,2535,4.06
moving,2536,5.86
moving,2537,5.37
moving,2538,2.96
moving,2539,4.00
moving,2540,3.34
moving,2541,4.95
moving,2542,6.04
moving,2543,3.56
moving,2544,3.09
moving,2545,4.33
moving,2546,3.18
moving,2547,4.39
moving,2548,4.55
moving,2549,3.53
moving,2550,3.99
moving,2551,4.51
moving,2552,5.20
moving,2553,1.85
moving,2554,3.40
moving,2555,3.49
moving,2556,2.76
moving,2557,5.46
moving,2558,3.71
moving,2559,2.32
moving,2560,2.81
moving,2561,4.31
moving,2562,4.72
moving,2563,4.69
moving,2564,4.00
moving,2565,4.97
moving,2566,7.68
moving,2567,4.09
moving,2568,5.30
moving,2569,5.11
moving,2570,3.74
moving,2571,4.49
moving,2572,3.77
moving,2573,2.91
moving,2574,4.29
moving,2575,3.97
moving,2576,4.66
moving,2577,3.92
moving,2578,4.05
moving,2579,2.89
moving,2580,3.82
moving,2581,5.64
moving,2582,4.03
moving,2583,3.24
moving,2584,3.48
moving,2585,5.10
moving,2586,4.71
moving,2587,5.57
moving,2588,4.03
moving,2589,3.18
moving,2590,3.84
moving,2591,4.73
moving,2592,2.93
moving,2593,5.48
moving,2594,3.21
moving,2595,3.49
moving,2596,4.36
moving,2597,3.45
moving,2598,4.14
moving,2599,3.36
moving,2600,5.11
moving,2601,4.95
moving,2602,3.84
moving,2603,3.71
moving,2604,3.63
moving,2605,6.16
moving,2606,5.35
moving,2607,5.23
moving,2608,4.38
moving,2609,6.04
moving,2610,4.83
moving,2611,3.56
moving,2612,4.29
moving,2613,3.13
moving,2614,5.19
moving,2615,4.12
moving,2616,4.18
moving,2617,3.27
moving,2618,5.23
moving,2619,4.06
moving,2620,3.92
moving,2621,3.75
moving,2622,5.06
moving,2623,3.40
moving,2624,4.84
moving,2625,5.33
moving,2626,6.43
moving,2627,3.04
moving,2628,3.52
moving,2629,5.00
moving,2630,5.61
moving,2631,2.77
moving,2632,2.54
moving,2633,3.61
moving,2634,5.08
moving,2635,6.02
moving,2636,3.62
moving,2637,4.00
moving,2638,4.04
moving,2639,4.52
moving,2640,5.24
moving,2641,3.81
moving,2642,4.67
moving,2643,3.81
moving,2644,5.27
moving,2645,4.49
moving,2646,5.01
moving,2647,4.27
moving,2648,5.56
moving,2649,6.44
moving,2650,4.52
moving,2651,3.52
moving,2652,3.09
moving,2653,3.88
moving,2654,5.53
moving,2655,5.49
moving,2656,3.99
moving,2657,5.55
moving,2658,4.74
moving,2659,5.19
moving,2660,4.69
moving,2661,4.10
moving,2662,5.22
moving,2663,6.61
moving,2664,6.06
moving,2665,3.23
moving,2666,5.04
moving,2667,4.53
moving,2668,3.34
moving,2669,6.85
moving,2670,1.78
moving,2671,3.96
moving,2672,3.55
moving,2673,2.91
moving,2674,4.45
moving,2675,3.57
moving,2676,3.75
moving,2677,3.02
moving,2678,4.53
moving,2679,4.89
moving,2680,4.94
moving,2681,2.32
moving,2682,3.06
moving,2683,5.44
moving,2684,1.20
moving,2685,5.54
moving,2686,4.60
moving,2687,3.10
moving,2688,5.19
moving,2689,3.14
moving,2690,3.40
moving,2691,3.80
moving,2692,5.39
moving,2693,4.84
moving,2694,5.74
moving,2695,3.34
moving,2696,3.34
moving,2697,2.87
moving,2698,3.84
moving,2699,3.66
moving,2700,3.55
moving,2701,3.70
moving,2702,4.37
moving,2703,4.78
moving,2704,4.44
moving,2705,2.72
moving,2706,3.65
moving,2707,3.89
moving,2708,3.53
moving,2709,3.94
moving,2710,5.06
moving,2711,4.28
moving,2712,4.16
moving,2713,6.90
moving,2714,5.69
moving,2715,4.65
moving,2716,2.57
moving,2717,5.48
moving,2718,3.49
moving,2719,3.32
moving,2720,4.40
moving,2721,4.38
moving,2722,5.83
moving,2723,4.47
moving,2724,2.24
moving,2725,3.74
moving,2726,3.37
moving,2727,6.37
moving,2728,3.71
moving,2729,3.86
moving,2730,3.75
moving,2731,3.64
moving,2732,6.11
moving,2733,4.59
moving,2734,4.95
moving,2735,4.49
moving,2736,3.15
moving,2737,3.17
moving,2738,3.63
moving,2739,4.42
moving,2740,5.42
moving,2741,2.70
moving,2742,5.56
moving,2743,3.33
moving,2744,3.38
moving,2745,4.40
moving,2746,2.39
moving,2747,4.48
moving,2748,5.23
moving,2749,4.90
moving,2750,3.19
moving,2751,5.65
moving,2752,5.06
moving,2753,3.81
moving,2754,4.11
moving,2755,4.04
moving,2756,4.48
moving,2757,5.06
moving,2758,5.13
moving,2759,2.65
moving,2760,4.44
moving,2761,6.05
moving,2762,2.52
moving,2763,3.12
moving,2764,4.13
moving,2765,3.53
moving,2766,5.87
moving,2767,3.04
moving,2768,3.84
moving,2769,5.92
moving,2770,5.00
moving,2771,4.61
moving,2772,3.20
moving,2773,4.03
moving,2774,4.28
moving,2775,5.03
moving,2776,4.99
moving,2777,3.24
moving,2778,4.27
moving,2779,5.21
moving,2780,4.49
moving,2781,4.77
moving,2782,4.12
moving,2783,5.95
moving,2784,3.40
moving,2785,4.33
moving,2786,4.84
moving,2787,3.86
moving,2788,3.56
moving,2789,4.87
moving,2790,3.91
moving,2791,4.54
moving,2792,4.19
moving,2793,3.80
moving,2794,4.84
moving,2795,4.87
moving,2796,4.67
moving,2797,4.70
moving,2798,6.50
moving,2799,2.95
moving,2800,4.85
moving,2801,6.12
moving,2802,3.30
moving,2803,3.94
moving,2804,3.50
moving,2805,5.86
moving,2806,4.21
moving,2807,4.14
moving,2808,3.78
moving,2809,4.70
moving,2810,5.36
moving,2811,4.95
moving,2812,5.47
moving,2813,3.18
moving,2814,4.58
moving,2815,4.23
moving,2816,4.29
moving,2817,3.91
moving,2818,4.83
moving,2819,2.60
moving,2820,5.83
moving,2821,4.32
moving,2822,4.22
moving,2823,3.77
moving,2824,3.15
moving,2825,4.42
moving,2826,4.10
moving,2827,3.15
moving,2828,6.12
moving,2829,3.77
moving,2830,3.98
moving,2831,5.41
moving,2832,4.64
moving,2833,4.87
moving,2834,4.87
moving,2835,4.66
moving,2836,3.43
moving,2837,5.19
moving,2838,3.51
moving,2839,5.13
moving,2840,3.98
moving,2841,4.06
moving,2842,4.38
moving,2843,3.06
moving,2844,5.10
moving,2845,2.74
moving,2846,5.22
moving,2847,6.21
moving,2848,2.97
moving,2849,4.65
moving,2850,4.18
moving,2851,2.20
moving,2852,3.38
moving,2853,2.21
moving,2854,6.29
moving,2855,3.86
moving,2856,4.48
moving,2857,3.72
moving,2858,3.11
moving,2859,4.79
moving,2860,5.14
moving,2861,3.83
moving,2862,3.36
moving,2863,2.28
moving,2864,5.21
moving,2865,4.01
moving,2866,5.10
moving,2867,5.49
moving,2868,4.96
moving,2869,5.07
moving,2870,4.27
moving,2871,2.77
moving,2872,4.81
moving,2873,3.41
moving,2874,3.03
moving,2875,4.28
moving,2876,3.30
moving,2877,4.07
moving,2878,4.23
moving,2879,3.03
moving,2880,5.75
moving,2881,2.69
moving,2882,3.35
moving,2883,5.00
moving,2884,2.95
moving,2885,4.76
moving,2886,4.08
moving,2887,4.02
moving,2888,3.71
moving,2889,3.16
moving,2890,2.99
moving,2891,4.73
moving,2892,3.64
moving,2893,5.50
moving,2894,4.89
moving,2895,4.35
moving,2896,4.31
moving,2897,4.85
moving,2898,3.19
moving,2899,5.18
moving,2900,3.71
moving,2901,3.12
moving,2902,5.39
moving,2903,5.01
moving,2904,4.23
moving,2905,2.23
moving,2906,3.85
moving,2907,5.14
moving,2908,4.68
moving,2909,4.27
moving,2910,3.49
moving,2911,4.00
moving,2912,3.67
moving,2913,4.68
moving,2914,4.32
moving,2915,4.45
moving,2916,2.52
moving,2917,4.71
moving,2918,6.64
moving,2919,3.70
moving,2920,4.26
moving,2921,4.61
moving,2922,4.79
moving,2923,4.11
moving,2924,6.20
moving,2925,5.06
moving,2926,3.88
moving,2927,3.66
moving,2928,3.28
moving,2929,3.56
moving,2930,3.73
moving,2931,3.35
moving,2932,3.87
moving,2933,3.39
moving,2934,5.78
moving,2935,2.71
moving,2936,5.11
moving,2937,3.85
moving,2938,3.70
moving,2939,3.66
moving,2940,6.04
moving,2941,2.15
moving,2942,6.32
moving,2943,4.75
moving,2944,3.96
moving,2945,2.64
moving,2946,4.16
moving,2947,3.79
moving,2948,3.71
moving,2949,4.16
moving,2950,4.14
moving,2951,2.98
moving,2952,4.55
moving,2953,5.07
moving,2954,3.29
moving,2955,2.64
moving,2956,4.19
moving,2957,6.14
moving,2958,3.61
moving,2959,3.54
moving,2960,4.06
moving,2961,3.83
moving,2962,3.75
moving,2963,4.37
moving,2964,3.23
moving,2965,5.38
moving,2966,5.22
moving,2967,3.73
moving,2968,4.18
moving,2969,4.21
moving,2970,4.47
moving,2971,4.22
moving,2972,4.33
moving,2973,4.46
moving,2974,3.72
moving,2975,2.85
moving,2976,5.80
moving,2977,3.74
moving,2978,3.64
moving,2979,3.63
moving,2980,3.25
moving,2981,5.68
moving,2982,3.64
moving,2983,3.06
moving,2984,4.43
moving,2985,2.60
moving,2986,6.43
moving,2987,5.18
moving,2988,4.68
moving,2989,3.95
moving,2990,3.19
moving,2991,5.64
moving,2992,4.50
moving,2993,3.79
moving,2994,3.85
moving,2995,2.45
moving,2996,5.99
moving,2997,4.32
moving,2998,4.81
moving,2999,3.33
moving,3000,2.98
