joint,kp,n_trial,err_mean_deg,err_max_deg,osilasi_n
J1,0.20,10,0.1090,0.1344,0
J1,0.30,10,0.1116,0.1246,0
J1,0.40,10,0.1214,0.1482,0
J1,0.50,10,0.1263,0.1496,0
J1,0.60,10,0.1362,0.1530,0
J1,0.70,10,0.1389,0.1571,0
J1,0.80,10,0.1412,0.1508,0
J1,0.90,10,0.1382,0.1499,0
J2,0.20,10,0.1679,0.1776,0
J2,0.30,10,0.1606,0.2042,0
J2,0.40,10,0.1887,0.2425,0
J2,0.50,10,0.1784,0.1970,0
J2,0.60,10,0.1842,0.1959,0
J2,0.70,10,0.1966,0.2306,0
J2,0.80,10,0.3009,0.7090,2
J2,0.90,10,0.7865,0.9577,9
J3,0.20,10,0.1287,0.1690,0
J3,0.30,10,0.1403,0.1760,0
J3,0.40,10,0.1416,0.1543,0
J3,0.50,10,0.1433,0.1752,0
J3,0.60,10,0.1564,0.1726,0
J3,0.70,10,0.1526,0.1797,0
J3,0.80,10,0.2919,0.5841,3
J3,0.90,10,0.6069,0.7568,9
J4,0.20,10,0.0977,0.1158,0
J4,0.30,10,0.1005,0.1263,0
J4,0.40,10,0.1067,0.1382,0
J4,0.50,10,0.1065,0.1219,0
J4,0.60,10,0.1090,0.1246,0
J4,0.70,10,0.1190,0.1422,0
J4,0.80,10,0.1200,0.1464,0
J4,0.90,10,0.2055,0.4464,3
