joint,kp,deadband_deg,trial,final_error_deg,osilasi
J1,0.2,0.15,1,0.1147,tidak
J1,0.2,0.15,2,0.1039,tidak
J1,0.2,0.15,3,0.1073,tidak
J1,0.2,0.15,4,0.1344,tidak
J1,0.2,0.15,5,0.1188,tidak
J1,0.2,0.15,6,0.1101,tidak
J1,0.2,0.15,7,0.1092,tidak
J1,0.2,0.15,8,0.0945,tidak
J1,0.2,0.15,9,0.1041,tidak
J1,0.2,0.15,10,0.0930,tidak
J1,0.3,0.15,1,0.1119,tidak
J1,0.3,0.15,2,0.1136,tidak
J1,0.3,0.15,3,0.1084,tidak
J1,0.3,0.15,4,0.1140,tidak
J1,0.3,0.15,5,0.1199,tidak
J1,0.3,0.15,6,0.1100,tidak
J1,0.3,0.15,7,0.1088,tidak
J1,0.3,0.15,8,0.1030,tidak
J1,0.3,0.15,9,0.1014,tidak
J1,0.3,0.15,10,0.1246,tidak
J1,0.4,0.15,1,0.1170,tidak
J1,0.4,0.15,2,0.1212,tidak
J1,0.4,0.15,3,0.1142,tidak
J1,0.4,0.15,4,0.1265,tidak
J1,0.4,0.15,5,0.1082,tidak
J1,0.4,0.15,6,0.1245,tidak
J1,0.4,0.15,7,0.1127,tidak
J1,0.4,0.15,8,0.1202,tidak
J1,0.4,0.15,9,0.1482,tidak
J1,0.4,0.15,10,0.1212,tidak
J1,0.5,0.15,1,0.1215,tidak
J1,0.5,0.15,2,0.1361,tidak
J1,0.5,0.15,3,0.1312,tidak
J1,0.5,0.15,4,0.1136,tidak
J1,0.5,0.15,5,0.1155,tidak
J1,0.5,0.15,6,0.1176,tidak
J1,0.5,0.15,7,0.1204,tidak
J1,0.5,0.15,8,0.1308,tidak
J1,0.5,0.15,9,0.1267,tidak
J1,0.5,0.15,10,0.1496,tidak
J1,0.6,0.15,1,0.1437,tidak
J1,0.6,0.15,2,0.1342,tidak
J1,0.6,0.15,3,0.1321,tidak
J1,0.6,0.15,4,0.1530,tidak
J1,0.6,0.15,5,0.1226,tidak
J1,0.6,0.15,6,0.1341,tidak
J1,0.6,0.15,7,0.1416,tidak
J1,0.6,0.15,8,0.1274,tidak
J1,0.6,0.15,9,0.1439,tidak
J1,0.6,0.15,10,0.1291,tidak
J1,0.7,0.15,1,0.1362,tidak
J1,0.7,0.15,2,0.1368,tidak
J1,0.7,0.15,3,0.1571,tidak
J1,0.7,0.15,4,0.1324,tidak
J1,0.7,0.15,5,0.1499,tidak
J1,0.7,0.15,6,0.1495,tidak
J1,0.7,0.15,7,0.1420,tidak
J1,0.7,0.15,8,0.1268,tidak
J1,0.7,0.15,9,0.1194,tidak
J1,0.7,0.15,10,0.1392,tidak
J1,0.8,0.15,1,0.1368,tidak
J1,0.8,0.15,2,0.1508,tidak
J1,0.8,0.15,3,0.1386,tidak
J1,0.8,0.15,4,0.1481,tidak
J1,0.8,0.15,5,0.1318,tidak
J1,0.8,0.15,6,0.1424,tidak
J1,0.8,0.15,7,0.1469,tidak
J1,0.8,0.15,8,0.1424,tidak
J1,0.8,0.15,9,0.1247,tidak
J1,0.8,0.15,10,0.1496,tidak
J1,0.9,0.15,1,0.1499,tidak
J1,0.9,0.15,2,0.1299,tidak
J1,0.9,0.15,3,0.1492,tidak
J1,0.9,0.15,4,0.1347,tidak
J1,0.9,0.15,5,0.1328,tidak
J1,0.9,0.15,6,0.1443,tidak
J1,0.9,0.15,7,0.1303,tidak
J1,0.9,0.15,8,0.1301,tidak
J1,0.9,0.15,9,0.1319,tidak
J1,0.9,0.15,10,0.1492,tidak
J2,0.2,0.22,1,0.1741,tidak
J2,0.2,0.22,2,0.1520,tidak
J2,0.2,0.22,3,0.1764,tidak
J2,0.2,0.22,4,0.1716,tidak
J2,0.2,0.22,5,0.1711,tidak
J2,0.2,0.22,6,0.1634,tidak
J2,0.2,0.22,7,0.1502,tidak
J2,0.2,0.22,8,0.1732,tidak
J2,0.2,0.22,9,0.1776,tidak
J2,0.2,0.22,10,0.1690,tidak
J2,0.3,0.22,1,0.1485,tidak
J2,0.3,0.22,2,0.1449,tidak
J2,0.3,0.22,3,0.1596,tidak
J2,0.3,0.22,4,0.1640,tidak
J2,0.3,0.22,5,0.1486,tidak
J2,0.3,0.22,6,0.1622,tidak
J2,0.3,0.22,7,0.1648,tidak
J2,0.3,0.22,8,0.1472,tidak
J2,0.3,0.22,9,0.2042,tidak
J2,0.3,0.22,10,0.1622,tidak
J2,0.4,0.22,1,0.1635,tidak
J2,0.4,0.22,2,0.1982,tidak
J2,0.4,0.22,3,0.2189,tidak
J2,0.4,0.22,4,0.1806,tidak
J2,0.4,0.22,5,0.1796,tidak
J2,0.4,0.22,6,0.2269,tidak
J2,0.4,0.22,7,0.1520,tidak
J2,0.4,0.22,8,0.2425,tidak
J2,0.4,0.22,9,0.1650,tidak
J2,0.4,0.22,10,0.1593,tidak
J2,0.5,0.22,1,0.1872,tidak
J2,0.5,0.22,2,0.1810,tidak
J2,0.5,0.22,3,0.1657,tidak
J2,0.5,0.22,4,0.1771,tidak
J2,0.5,0.22,5,0.1599,tidak
J2,0.5,0.22,6,0.1926,tidak
J2,0.5,0.22,7,0.1726,tidak
J2,0.5,0.22,8,0.1902,tidak
J2,0.5,0.22,9,0.1610,tidak
J2,0.5,0.22,10,0.1970,tidak
J2,0.6,0.22,1,0.1959,tidak
J2,0.6,0.22,2,0.1820,tidak
J2,0.6,0.22,3,0.1934,tidak
J2,0.6,0.22,4,0.1707,tidak
J2,0.6,0.22,5,0.1673,tidak
J2,0.6,0.22,6,0.1957,tidak
J2,0.6,0.22,7,0.1922,tidak
J2,0.6,0.22,8,0.1716,tidak
J2,0.6,0.22,9,0.1930,tidak
J2,0.6,0.22,10,0.1800,tidak
J2,0.7,0.22,1,0.2117,tidak
J2,0.7,0.22,2,0.2033,tidak
J2,0.7,0.22,3,0.1903,tidak
J2,0.7,0.22,4,0.1820,tidak
J2,0.7,0.22,5,0.1751,tidak
J2,0.7,0.22,6,0.1881,tidak
J2,0.7,0.22,7,0.2306,tidak
J2,0.7,0.22,8,0.2004,tidak
J2,0.7,0.22,9,0.1829,tidak
J2,0.7,0.22,10,0.2013,tidak
J2,0.8,0.22,1,0.2031,tidak
J2,0.8,0.22,2,0.2432,tidak
J2,0.8,0.22,3,0.2139,tidak
J2,0.8,0.22,4,0.7090,ya
J2,0.8,0.22,5,0.2041,tidak
J2,0.8,0.22,6,0.2214,tidak
J2,0.8,0.22,7,0.1855,tidak
J2,0.8,0.22,8,0.2180,tidak
J2,0.8,0.22,9,0.2474,tidak
J2,0.8,0.22,10,0.5633,ya
J2,0.9,0.22,1,0.1910,tidak
J2,0.9,0.22,2,0.8429,ya
J2,0.9,0.22,3,0.8045,ya
J2,0.9,0.22,4,0.7333,ya
J2,0.9,0.22,5,0.7539,ya
J2,0.9,0.22,6,0.8969,ya
J2,0.9,0.22,7,0.8974,ya
J2,0.9,0.22,8,0.9083,ya
J2,0.9,0.22,9,0.8788,ya
J2,0.9,0.22,10,0.9577,ya
J3,0.2,0.18,1,0.1150,tidak
J3,0.2,0.18,2,0.1226,tidak
J3,0.2,0.18,3,0.1228,tidak
J3,0.2,0.18,4,0.1454,tidak
J3,0.2,0.18,5,0.1139,tidak
J3,0.2,0.18,6,0.1422,tidak
J3,0.2,0.18,7,0.1690,tidak
J3,0.2,0.18,8,0.1256,tidak
J3,0.2,0.18,9,0.1134,tidak
J3,0.2,0.18,10,0.1168,tidak
J3,0.3,0.18,1,0.1229,tidak
J3,0.3,0.18,2,0.1475,tidak
J3,0.3,0.18,3,0.1535,tidak
J3,0.3,0.18,4,0.1486,tidak
J3,0.3,0.18,5,0.1251,tidak
J3,0.3,0.18,6,0.1760,tidak
J3,0.3,0.18,7,0.1252,tidak
J3,0.3,0.18,8,0.1212,tidak
J3,0.3,0.18,9,0.1450,tidak
J3,0.3,0.18,10,0.1384,tidak
J3,0.4,0.18,1,0.1527,tidak
J3,0.4,0.18,2,0.1501,tidak
J3,0.4,0.18,3,0.1351,tidak
J3,0.4,0.18,4,0.1481,tidak
J3,0.4,0.18,5,0.1415,tidak
J3,0.4,0.18,6,0.1348,tidak
J3,0.4,0.18,7,0.1543,tidak
J3,0.4,0.18,8,0.1245,tidak
J3,0.4,0.18,9,0.1354,tidak
J3,0.4,0.18,10,0.1397,tidak
J3,0.5,0.18,1,0.1752,tidak
J3,0.5,0.18,2,0.1479,tidak
J3,0.5,0.18,3,0.1323,tidak
J3,0.5,0.18,4,0.1342,tidak
J3,0.5,0.18,5,0.1463,tidak
J3,0.5,0.18,6,0.1348,tidak
J3,0.5,0.18,7,0.1313,tidak
J3,0.5,0.18,8,0.1465,tidak
J3,0.5,0.18,9,0.1533,tidak
J3,0.5,0.18,10,0.1311,tidak
J3,0.6,0.18,1,0.1664,tidak
J3,0.6,0.18,2,0.1726,tidak
J3,0.6,0.18,3,0.1500,tidak
J3,0.6,0.18,4,0.1691,tidak
J3,0.6,0.18,5,0.1534,tidak
J3,0.6,0.18,6,0.1547,tidak
J3,0.6,0.18,7,0.1612,tidak
J3,0.6,0.18,8,0.1588,tidak
J3,0.6,0.18,9,0.1387,tidak
J3,0.6,0.18,10,0.1393,tidak
J3,0.7,0.18,1,0.1446,tidak
J3,0.7,0.18,2,0.1505,tidak
J3,0.7,0.18,3,0.1632,tidak
J3,0.7,0.18,4,0.1797,tidak
J3,0.7,0.18,5,0.1466,tidak
J3,0.7,0.18,6,0.1506,tidak
J3,0.7,0.18,7,0.1438,tidak
J3,0.7,0.18,8,0.1533,tidak
J3,0.7,0.18,9,0.1479,tidak
J3,0.7,0.18,10,0.1461,tidak
J3,0.8,0.18,1,0.5793,ya
J3,0.8,0.18,2,0.1802,tidak
J3,0.8,0.18,3,0.1510,tidak
J3,0.8,0.18,4,0.1750,tidak
J3,0.8,0.18,5,0.5841,ya
J3,0.8,0.18,6,0.1861,tidak
J3,0.8,0.18,7,0.1885,tidak
J3,0.8,0.18,8,0.5424,ya
J3,0.8,0.18,9,0.1559,tidak
J3,0.8,0.18,10,0.1766,tidak
J3,0.9,0.18,1,0.7392,ya
J3,0.9,0.18,2,0.6618,ya
J3,0.9,0.18,3,0.6217,ya
J3,0.9,0.18,4,0.7568,ya
J3,0.9,0.18,5,0.5177,ya
J3,0.9,0.18,6,0.6874,ya
J3,0.9,0.18,7,0.1971,tidak
J3,0.9,0.18,8,0.5507,ya
J3,0.9,0.18,9,0.7281,ya
J3,0.9,0.18,10,0.6080,ya
J4,0.2,0.13,1,0.0827,tidak
J4,0.2,0.13,2,0.0984,tidak
J4,0.2,0.13,3,0.1158,tidak
J4,0.2,0.13,4,0.1087,tidak
J4,0.2,0.13,5,0.0870,tidak
J4,0.2,0.13,6,0.0917,tidak
J4,0.2,0.13,7,0.0995,tidak
J4,0.2,0.13,8,0.0941,tidak
J4,0.2,0.13,9,0.1049,tidak
J4,0.2,0.13,10,0.0937,tidak
J4,0.3,0.13,1,0.1112,tidak
J4,0.3,0.13,2,0.0986,tidak
J4,0.3,0.13,3,0.0968,tidak
J4,0.3,0.13,4,0.0911,tidak
J4,0.3,0.13,5,0.1263,tidak
J4,0.3,0.13,6,0.0917,tidak
J4,0.3,0.13,7,0.0957,tidak
J4,0.3,0.13,8,0.1018,tidak
J4,0.3,0.13,9,0.0964,tidak
J4,0.3,0.13,10,0.0957,tidak
J4,0.4,0.13,1,0.1244,tidak
J4,0.4,0.13,2,0.1002,tidak
J4,0.4,0.13,3,0.1107,tidak
J4,0.4,0.13,4,0.0938,tidak
J4,0.4,0.13,5,0.1382,tidak
J4,0.4,0.13,6,0.0995,tidak
J4,0.4,0.13,7,0.1014,tidak
J4,0.4,0.13,8,0.0984,tidak
J4,0.4,0.13,9,0.1062,tidak
J4,0.4,0.13,10,0.0946,tidak
J4,0.5,0.13,1,0.1112,tidak
J4,0.5,0.13,2,0.1087,tidak
J4,0.5,0.13,3,0.0947,tidak
J4,0.5,0.13,4,0.0981,tidak
J4,0.5,0.13,5,0.1135,tidak
J4,0.5,0.13,6,0.0968,tidak
J4,0.5,0.13,7,0.1219,tidak
J4,0.5,0.13,8,0.1030,tidak
J4,0.5,0.13,9,0.1128,tidak
J4,0.5,0.13,10,0.1040,tidak
J4,0.6,0.13,1,0.1181,tidak
J4,0.6,0.13,2,0.1002,tidak
J4,0.6,0.13,3,0.1073,tidak
J4,0.6,0.13,4,0.1082,tidak
J4,0.6,0.13,5,0.1025,tidak
J4,0.6,0.13,6,0.1246,tidak
J4,0.6,0.13,7,0.1090,tidak
J4,0.6,0.13,8,0.1181,tidak
J4,0.6,0.13,9,0.1023,tidak
J4,0.6,0.13,10,0.0994,tidak
J4,0.7,0.13,1,0.1212,tidak
J4,0.7,0.13,2,0.1157,tidak
J4,0.7,0.13,3,0.1422,tidak
J4,0.7,0.13,4,0.1198,tidak
J4,0.7,0.13,5,0.1122,tidak
J4,0.7,0.13,6,0.1090,tidak
J4,0.7,0.13,7,0.1166,tidak
J4,0.7,0.13,8,0.1179,tidak
J4,0.7,0.13,9,0.1209,tidak
J4,0.7,0.13,10,0.1142,tidak
J4,0.8,0.13,1,0.1123,tidak
J4,0.8,0.13,2,0.1177,tidak
J4,0.8,0.13,3,0.1212,tidak
J4,0.8,0.13,4,0.1161,tidak
J4,0.8,0.13,5,0.1145,tidak
J4,0.8,0.13,6,0.1201,tidak
J4,0.8,0.13,7,0.1288,tidak
J4,0.8,0.13,8,0.1113,tidak
J4,0.8,0.13,9,0.1464,tidak
J4,0.8,0.13,10,0.1121,tidak
J4,0.9,0.13,1,0.3552,ya
J4,0.9,0.13,2,0.3431,ya
J4,0.9,0.13,3,0.1465,tidak
J4,0.9,0.13,4,0.4464,ya
J4,0.9,0.13,5,0.1230,tidak
J4,0.9,0.13,6,0.1334,tidak
J4,0.9,0.13,7,0.1293,tidak
J4,0.9,0.13,8,0.1244,tidak
J4,0.9,0.13,9,0.1183,tidak
J4,0.9,0.13,10,0.1359,tidak
