test,joint,mode,t_ms,angle_deg,note
droop-0.2kg-tcp,J2,open,0,29.957,
droop-0.2kg-tcp,J2,open,20,29.985,
droop-0.2kg-tcp,J2,open,40,29.967,
droop-0.2kg-tcp,J2,open,60,30.009,
droop-0.2kg-tcp,J2,open,80,30.007,
droop-0.2kg-tcp,J2,open,100,30.012,
droop-0.2kg-tcp,J2,open,120,30.002,
droop-0.2kg-tcp,J2,open,140,30.029,
droop-0.2kg-tcp,J2,open,160,30.011,
droop-0.2kg-tcp,J2,open,180,30.037,
droop-0.2kg-tcp,J2,open,200,30.052,
droop-0.2kg-tcp,J2,open,220,30.038,
droop-0.2kg-tcp,J2,open,240,29.994,
droop-0.2kg-tcp,J2,open,260,29.969,
droop-0.2kg-tcp,J2,open,280,30.025,
droop-0.2kg-tcp,J2,open,300,30.001,
droop-0.2kg-tcp,J2,open,320,29.964,
droop-0.2kg-tcp,J2,open,340,30.000,
droop-0.2kg-tcp,J2,open,360,29.965,
droop-0.2kg-tcp,J2,open,380,29.981,
droop-0.2kg-tcp,J2,open,400,30.037,
droop-0.2kg-tcp,J2,open,420,29.970,
droop-0.2kg-tcp,J2,open,440,30.032,
droop-0.2kg-tcp,J2,open,460,29.991,
droop-0.2kg-tcp,J2,open,480,30.004,
droop-0.2kg-tcp,J2,open,500,29.998,
droop-0.2kg-tcp,J2,open,520,29.969,
droop-0.2kg-tcp,J2,open,540,29.998,
droop-0.2kg-tcp,J2,open,560,29.987,
droop-0.2kg-tcp,J2,open,580,30.018,
droop-0.2kg-tcp,J2,open,600,30.000,
droop-0.2kg-tcp,J2,open,620,30.032,
droop-0.2kg-tcp,J2,open,640,29.948,
droop-0.2kg-tcp,J2,open,660,29.997,
droop-0.2kg-tcp,J2,open,680,30.097,
droop-0.2kg-tcp,J2,open,700,30.067,
droop-0.2kg-tcp,J2,open,720,29.999,
droop-0.2kg-tcp,J2,open,740,30.016,
droop-0.2kg-tcp,J2,open,760,29.959,
droop-0.2kg-tcp,J2,open,780,29.986,
droop-0.2kg-tcp,J2,open,800,29.879,"gangguan: payload 0,2 kg dipasang di TCP"
droop-0.2kg-tcp,J2,open,820,29.812,
droop-0.2kg-tcp,J2,open,840,29.873,
droop-0.2kg-tcp,J2,open,860,29.840,
droop-0.2kg-tcp,J2,open,880,29.862,
droop-0.2kg-tcp,J2,open,900,29.979,
droop-0.2kg-tcp,J2,open,920,29.841,
droop-0.2kg-tcp,J2,open,940,29.882,
droop-0.2kg-tcp,J2,open,960,29.888,
droop-0.2kg-tcp,J2,open,980,29.838,
droop-0.2kg-tcp,J2,open,1000,29.848,
droop-0.2kg-tcp,J2,open,1020,29.830,
droop-0.2kg-tcp,J2,open,1040,29.849,
droop-0.2kg-tcp,J2,open,1060,29.875,
droop-0.2kg-tcp,J2,open,1080,29.913,
droop-0.2kg-tcp,J2,open,1100,29.905,
droop-0.2kg-tcp,J2,open,1120,29.866,
droop-0.2kg-tcp,J2,open,1140,29.853,
droop-0.2kg-tcp,J2,open,1160,29.932,
droop-0.2kg-tcp,J2,open,1180,29.919,
droop-0.2kg-tcp,J2,open,1200,29.895,
droop-0.2kg-tcp,J2,open,1220,29.875,
droop-0.2kg-tcp,J2,open,1240,29.879,
droop-0.2kg-tcp,J2,open,1260,29.867,
droop-0.2kg-tcp,J2,open,1280,29.848,
droop-0.2kg-tcp,J2,open,1300,29.826,
droop-0.2kg-tcp,J2,open,1320,29.823,
droop-0.2kg-tcp,J2,open,1340,29.827,
droop-0.2kg-tcp,J2,open,1360,29.866,
droop-0.2kg-tcp,J2,open,1380,29.864,
droop-0.2kg-tcp,J2,open,1400,29.868,
droop-0.2kg-tcp,J2,open,1420,29.830,
droop-0.2kg-tcp,J2,open,1440,29.833,
droop-0.2kg-tcp,J2,open,1460,29.852,
droop-0.2kg-tcp,J2,open,1480,29.814,
droop-0.2kg-tcp,J2,open,1500,29.897,
droop-0.2kg-tcp,J2,open,1520,29.809,
droop-0.2kg-tcp,J2,open,1540,29.852,
droop-0.2kg-tcp,J2,open,1560,29.908,
droop-0.2kg-tcp,J2,open,1580,29.921,
droop-0.2kg-tcp,J2,open,1600,29.871,
droop-0.2kg-tcp,J2,open,1620,29.911,
droop-0.2kg-tcp,J2,open,1640,29.904,
droop-0.2kg-tcp,J2,open,1660,29.861,
droop-0.2kg-tcp,J2,open,1680,29.849,
droop-0.2kg-tcp,J2,open,1700,29.854,
droop-0.2kg-tcp,J2,open,1720,29.905,
droop-0.2kg-tcp,J2,open,1740,29.879,
droop-0.2kg-tcp,J2,open,1760,29.911,
droop-0.2kg-tcp,J2,open,1780,29.901,
droop-0.2kg-tcp,J2,open,1800,29.854,
droop-0.2kg-tcp,J2,open,1820,29.892,
droop-0.2kg-tcp,J2,open,1840,29.876,
droop-0.2kg-tcp,J2,open,1860,29.913,
droop-0.2kg-tcp,J2,open,1880,29.918,
droop-0.2kg-tcp,J2,open,1900,29.836,
droop-0.2kg-tcp,J2,open,1920,29.848,
droop-0.2kg-tcp,J2,open,1940,29.888,
droop-0.2kg-tcp,J2,open,1960,29.903,
droop-0.2kg-tcp,J2,open,1980,29.882,
droop-0.2kg-tcp,J2,open,2000,29.864,
droop-0.2kg-tcp,J2,open,2020,29.868,
droop-0.2kg-tcp,J2,open,2040,29.874,
droop-0.2kg-tcp,J2,open,2060,29.868,
droop-0.2kg-tcp,J2,open,2080,29.817,
droop-0.2kg-tcp,J2,open,2100,29.800,
droop-0.2kg-tcp,J2,open,2120,29.903,
droop-0.2kg-tcp,J2,open,2140,29.844,
droop-0.2kg-tcp,J2,open,2160,29.831,
droop-0.2kg-tcp,J2,open,2180,29.945,
droop-0.2kg-tcp,J2,open,2200,29.808,
droop-0.2kg-tcp,J2,open,2220,29.869,
droop-0.2kg-tcp,J2,open,2240,29.897,
droop-0.2kg-tcp,J2,open,2260,29.841,
droop-0.2kg-tcp,J2,open,2280,29.898,
droop-0.2kg-tcp,J2,open,2300,29.860,
droop-0.2kg-tcp,J2,open,2320,29.817,
droop-0.2kg-tcp,J2,open,2340,29.821,
droop-0.2kg-tcp,J2,open,2360,29.896,
droop-0.2kg-tcp,J2,open,2380,29.844,
droop-0.2kg-tcp,J2,open,2400,29.882,
droop-0.2kg-tcp,J2,open,2420,29.906,
droop-0.2kg-tcp,J2,open,2440,29.809,
droop-0.2kg-tcp,J2,open,2460,29.837,
droop-0.2kg-tcp,J2,open,2480,29.840,
droop-0.2kg-tcp,J2,open,2500,29.878,
droop-0.2kg-tcp,J2,open,2520,29.796,
droop-0.2kg-tcp,J2,open,2540,29.873,
droop-0.2kg-tcp,J2,open,2560,29.968,
droop-0.2kg-tcp,J2,open,2580,29.829,
droop-0.2kg-tcp,J2,open,2600,29.926,
droop-0.2kg-tcp,J2,open,2620,29.914,
droop-0.2kg-tcp,J2,open,2640,29.849,
droop-0.2kg-tcp,J2,open,2660,29.864,
droop-0.2kg-tcp,J2,open,2680,29.826,
droop-0.2kg-tcp,J2,open,2700,29.915,
droop-0.2kg-tcp,J2,open,2720,29.863,
droop-0.2kg-tcp,J2,open,2740,29.848,
droop-0.2kg-tcp,J2,open,2760,29.871,
droop-0.2kg-tcp,J2,open,2780,29.864,
droop-0.2kg-tcp,J2,closed,0,29.997,
droop-0.2kg-tcp,J2,closed,20,30.008,
droop-0.2kg-tcp,J2,closed,40,30.083,
droop-0.2kg-tcp,J2,closed,60,29.970,
droop-0.2kg-tcp,J2,closed,80,30.036,
droop-0.2kg-tcp,J2,closed,100,29.963,
droop-0.2kg-tcp,J2,closed,120,30.006,
droop-0.2kg-tcp,J2,closed,140,29.996,
droop-0.2kg-tcp,J2,closed,160,29.940,
droop-0.2kg-tcp,J2,closed,180,30.025,
droop-0.2kg-tcp,J2,closed,200,29.987,
droop-0.2kg-tcp,J2,closed,220,29.933,
droop-0.2kg-tcp,J2,closed,240,29.907,
droop-0.2kg-tcp,J2,closed,260,29.992,
droop-0.2kg-tcp,J2,closed,280,29.937,
droop-0.2kg-tcp,J2,closed,300,29.998,
droop-0.2kg-tcp,J2,closed,320,29.974,
droop-0.2kg-tcp,J2,closed,340,29.941,
droop-0.2kg-tcp,J2,closed,360,30.018,
droop-0.2kg-tcp,J2,closed,380,30.001,
droop-0.2kg-tcp,J2,closed,400,30.005,
droop-0.2kg-tcp,J2,closed,420,29.980,
droop-0.2kg-tcp,J2,closed,440,30.010,
droop-0.2kg-tcp,J2,closed,460,29.996,
droop-0.2kg-tcp,J2,closed,480,29.974,
droop-0.2kg-tcp,J2,closed,500,29.971,
droop-0.2kg-tcp,J2,closed,520,29.993,
droop-0.2kg-tcp,J2,closed,540,29.967,
droop-0.2kg-tcp,J2,closed,560,30.037,
droop-0.2kg-tcp,J2,closed,580,30.013,
droop-0.2kg-tcp,J2,closed,600,29.933,
droop-0.2kg-tcp,J2,closed,620,30.007,
droop-0.2kg-tcp,J2,closed,640,30.042,
droop-0.2kg-tcp,J2,closed,660,30.072,
droop-0.2kg-tcp,J2,closed,680,29.954,
droop-0.2kg-tcp,J2,closed,700,30.043,
droop-0.2kg-tcp,J2,closed,720,30.029,
droop-0.2kg-tcp,J2,closed,740,30.041,
droop-0.2kg-tcp,J2,closed,760,29.997,
droop-0.2kg-tcp,J2,closed,780,30.021,
droop-0.2kg-tcp,J2,closed,800,29.817,"gangguan: payload 0,2 kg dipasang di TCP"
droop-0.2kg-tcp,J2,closed,820,29.898,
droop-0.2kg-tcp,J2,closed,840,29.879,
droop-0.2kg-tcp,J2,closed,860,29.931,
droop-0.2kg-tcp,J2,closed,880,29.831,
droop-0.2kg-tcp,J2,closed,900,29.886,
droop-0.2kg-tcp,J2,closed,920,29.857,
droop-0.2kg-tcp,J2,closed,940,29.873,
droop-0.2kg-tcp,J2,closed,960,29.881,
droop-0.2kg-tcp,J2,closed,980,29.967,
droop-0.2kg-tcp,J2,closed,1000,29.826,
droop-0.2kg-tcp,J2,closed,1020,29.906,
droop-0.2kg-tcp,J2,closed,1040,29.866,
droop-0.2kg-tcp,J2,closed,1060,29.829,
droop-0.2kg-tcp,J2,closed,1080,29.901,
droop-0.2kg-tcp,J2,closed,1100,29.871,
droop-0.2kg-tcp,J2,closed,1120,29.860,
droop-0.2kg-tcp,J2,closed,1140,29.777,
droop-0.2kg-tcp,J2,closed,1160,29.860,
droop-0.2kg-tcp,J2,closed,1180,29.904,
droop-0.2kg-tcp,J2,closed,1200,29.883,
droop-0.2kg-tcp,J2,closed,1220,29.877,
droop-0.2kg-tcp,J2,closed,1240,29.894,
droop-0.2kg-tcp,J2,closed,1260,29.839,
droop-0.2kg-tcp,J2,closed,1280,29.876,
droop-0.2kg-tcp,J2,closed,1300,29.884,
droop-0.2kg-tcp,J2,closed,1320,29.865,
droop-0.2kg-tcp,J2,closed,1340,29.861,
droop-0.2kg-tcp,J2,closed,1360,29.845,
droop-0.2kg-tcp,J2,closed,1380,29.860,
droop-0.2kg-tcp,J2,closed,1400,29.889,
droop-0.2kg-tcp,J2,closed,1420,29.916,
droop-0.2kg-tcp,J2,closed,1440,29.931,
droop-0.2kg-tcp,J2,closed,1460,29.861,
droop-0.2kg-tcp,J2,closed,1480,29.822,
droop-0.2kg-tcp,J2,closed,1500,29.874,
droop-0.2kg-tcp,J2,closed,1520,29.863,
droop-0.2kg-tcp,J2,closed,1540,29.894,
droop-0.2kg-tcp,J2,closed,1560,29.842,
droop-0.2kg-tcp,J2,closed,1580,29.909,
droop-0.2kg-tcp,J2,closed,1600,29.843,
droop-0.2kg-tcp,J2,closed,1620,29.899,
droop-0.2kg-tcp,J2,closed,1640,29.898,
droop-0.2kg-tcp,J2,closed,1660,29.856,
droop-0.2kg-tcp,J2,closed,1680,29.859,
droop-0.2kg-tcp,J2,closed,1700,29.825,
droop-0.2kg-tcp,J2,closed,1720,29.885,
droop-0.2kg-tcp,J2,closed,1740,29.871,
droop-0.2kg-tcp,J2,closed,1760,29.804,
droop-0.2kg-tcp,J2,closed,1780,29.820,
droop-0.2kg-tcp,J2,closed,1800,29.961,
droop-0.2kg-tcp,J2,closed,1820,29.892,
droop-0.2kg-tcp,J2,closed,1840,29.883,
droop-0.2kg-tcp,J2,closed,1860,29.871,
droop-0.2kg-tcp,J2,closed,1880,29.961,
droop-0.2kg-tcp,J2,closed,1900,29.842,
droop-0.2kg-tcp,J2,closed,1920,29.971,
droop-0.2kg-tcp,J2,closed,1940,29.880,
droop-0.2kg-tcp,J2,closed,1960,29.886,
droop-0.2kg-tcp,J2,closed,1980,29.861,
droop-0.2kg-tcp,J2,closed,2000,29.827,
droop-0.2kg-tcp,J2,closed,2020,29.827,
droop-0.2kg-tcp,J2,closed,2040,29.948,
droop-0.2kg-tcp,J2,closed,2060,29.873,
droop-0.2kg-tcp,J2,closed,2080,29.794,
droop-0.2kg-tcp,J2,closed,2100,29.936,
droop-0.2kg-tcp,J2,closed,2120,29.929,
droop-0.2kg-tcp,J2,closed,2140,29.798,
droop-0.2kg-tcp,J2,closed,2160,29.854,
droop-0.2kg-tcp,J2,closed,2180,29.837,
droop-0.2kg-tcp,J2,closed,2200,29.843,
droop-0.2kg-tcp,J2,closed,2220,29.914,
droop-0.2kg-tcp,J2,closed,2240,29.929,
droop-0.2kg-tcp,J2,closed,2260,29.897,
droop-0.2kg-tcp,J2,closed,2280,29.863,
droop-0.2kg-tcp,J2,closed,2300,29.825,
droop-0.2kg-tcp,J2,closed,2320,29.857,
droop-0.2kg-tcp,J2,closed,2340,29.861,
droop-0.2kg-tcp,J2,closed,2360,29.847,
droop-0.2kg-tcp,J2,closed,2380,29.860,
droop-0.2kg-tcp,J2,closed,2400,29.853,
droop-0.2kg-tcp,J2,closed,2420,29.899,
droop-0.2kg-tcp,J2,closed,2440,29.853,
droop-0.2kg-tcp,J2,closed,2460,29.882,
droop-0.2kg-tcp,J2,closed,2480,29.829,
droop-0.2kg-tcp,J2,closed,2500,29.774,
droop-0.2kg-tcp,J2,closed,2520,29.882,
droop-0.2kg-tcp,J2,closed,2540,29.855,
droop-0.2kg-tcp,J2,closed,2560,29.888,
droop-0.2kg-tcp,J2,closed,2580,29.811,
droop-0.2kg-tcp,J2,closed,2600,29.894,
droop-0.2kg-tcp,J2,closed,2620,29.869,
droop-0.2kg-tcp,J2,closed,2640,29.904,
droop-0.2kg-tcp,J2,closed,2660,29.956,
droop-0.2kg-tcp,J2,closed,2680,29.846,
droop-0.2kg-tcp,J2,closed,2700,29.812,
droop-0.2kg-tcp,J2,closed,2720,29.943,
droop-0.2kg-tcp,J2,closed,2740,29.868,
droop-0.2kg-tcp,J2,closed,2760,29.967,
droop-0.2kg-tcp,J2,closed,2780,29.912,
droop-0.2kg-tcp,J3,open,0,-30.040,
droop-0.2kg-tcp,J3,open,20,-29.956,
droop-0.2kg-tcp,J3,open,40,-30.053,
droop-0.2kg-tcp,J3,open,60,-29.988,
droop-0.2kg-tcp,J3,open,80,-30.012,
droop-0.2kg-tcp,J3,open,100,-29.975,
droop-0.2kg-tcp,J3,open,120,-30.018,
droop-0.2kg-tcp,J3,open,140,-30.029,
droop-0.2kg-tcp,J3,open,160,-30.067,
droop-0.2kg-tcp,J3,open,180,-29.956,
droop-0.2kg-tcp,J3,open,200,-29.946,
droop-0.2kg-tcp,J3,open,220,-30.018,
droop-0.2kg-tcp,J3,open,240,-30.008,
droop-0.2kg-tcp,J3,open,260,-29.976,
droop-0.2kg-tcp,J3,open,280,-29.953,
droop-0.2kg-tcp,J3,open,300,-29.981,
droop-0.2kg-tcp,J3,open,320,-30.053,
droop-0.2kg-tcp,J3,open,340,-30.036,
droop-0.2kg-tcp,J3,open,360,-29.980,
droop-0.2kg-tcp,J3,open,380,-30.051,
droop-0.2kg-tcp,J3,open,400,-29.990,
droop-0.2kg-tcp,J3,open,420,-29.944,
droop-0.2kg-tcp,J3,open,440,-29.960,
droop-0.2kg-tcp,J3,open,460,-29.960,
droop-0.2kg-tcp,J3,open,480,-30.006,
droop-0.2kg-tcp,J3,open,500,-29.983,
droop-0.2kg-tcp,J3,open,520,-30.006,
droop-0.2kg-tcp,J3,open,540,-29.987,
droop-0.2kg-tcp,J3,open,560,-29.978,
droop-0.2kg-tcp,J3,open,580,-30.002,
droop-0.2kg-tcp,J3,open,600,-30.008,
droop-0.2kg-tcp,J3,open,620,-29.980,
droop-0.2kg-tcp,J3,open,640,-29.973,
droop-0.2kg-tcp,J3,open,660,-29.937,
droop-0.2kg-tcp,J3,open,680,-30.004,
droop-0.2kg-tcp,J3,open,700,-29.961,
droop-0.2kg-tcp,J3,open,720,-29.959,
droop-0.2kg-tcp,J3,open,740,-29.963,
droop-0.2kg-tcp,J3,open,760,-30.003,
droop-0.2kg-tcp,J3,open,780,-30.021,
droop-0.2kg-tcp,J3,open,800,-30.083,"gangguan: payload 0,2 kg dipasang di TCP"
droop-0.2kg-tcp,J3,open,820,-30.060,
droop-0.2kg-tcp,J3,open,840,-30.089,
droop-0.2kg-tcp,J3,open,860,-30.059,
droop-0.2kg-tcp,J3,open,880,-30.122,
droop-0.2kg-tcp,J3,open,900,-30.155,
droop-0.2kg-tcp,J3,open,920,-30.081,
droop-0.2kg-tcp,J3,open,940,-30.108,
droop-0.2kg-tcp,J3,open,960,-30.103,
droop-0.2kg-tcp,J3,open,980,-30.068,
droop-0.2kg-tcp,J3,open,1000,-30.112,
droop-0.2kg-tcp,J3,open,1020,-30.202,
droop-0.2kg-tcp,J3,open,1040,-30.109,
droop-0.2kg-tcp,J3,open,1060,-30.094,
droop-0.2kg-tcp,J3,open,1080,-30.069,
droop-0.2kg-tcp,J3,open,1100,-30.109,
droop-0.2kg-tcp,J3,open,1120,-30.124,
droop-0.2kg-tcp,J3,open,1140,-30.146,
droop-0.2kg-tcp,J3,open,1160,-30.077,
droop-0.2kg-tcp,J3,open,1180,-30.105,
droop-0.2kg-tcp,J3,open,1200,-30.141,
droop-0.2kg-tcp,J3,open,1220,-30.117,
droop-0.2kg-tcp,J3,open,1240,-30.039,
droop-0.2kg-tcp,J3,open,1260,-30.115,
droop-0.2kg-tcp,J3,open,1280,-30.127,
droop-0.2kg-tcp,J3,open,1300,-30.137,
droop-0.2kg-tcp,J3,open,1320,-30.116,
droop-0.2kg-tcp,J3,open,1340,-30.051,
droop-0.2kg-tcp,J3,open,1360,-30.053,
droop-0.2kg-tcp,J3,open,1380,-30.162,
droop-0.2kg-tcp,J3,open,1400,-30.095,
droop-0.2kg-tcp,J3,open,1420,-30.071,
droop-0.2kg-tcp,J3,open,1440,-30.087,
droop-0.2kg-tcp,J3,open,1460,-30.137,
droop-0.2kg-tcp,J3,open,1480,-30.039,
droop-0.2kg-tcp,J3,open,1500,-30.138,
droop-0.2kg-tcp,J3,open,1520,-30.063,
droop-0.2kg-tcp,J3,open,1540,-30.095,
droop-0.2kg-tcp,J3,open,1560,-30.044,
droop-0.2kg-tcp,J3,open,1580,-30.135,
droop-0.2kg-tcp,J3,open,1600,-30.111,
droop-0.2kg-tcp,J3,open,1620,-30.118,
droop-0.2kg-tcp,J3,open,1640,-30.116,
droop-0.2kg-tcp,J3,open,1660,-30.145,
droop-0.2kg-tcp,J3,open,1680,-30.152,
droop-0.2kg-tcp,J3,open,1700,-30.172,
droop-0.2kg-tcp,J3,open,1720,-30.096,
droop-0.2kg-tcp,J3,open,1740,-30.023,
droop-0.2kg-tcp,J3,open,1760,-30.146,
droop-0.2kg-tcp,J3,open,1780,-30.140,
droop-0.2kg-tcp,J3,open,1800,-30.094,
droop-0.2kg-tcp,J3,open,1820,-30.090,
droop-0.2kg-tcp,J3,open,1840,-30.143,
droop-0.2kg-tcp,J3,open,1860,-30.126,
droop-0.2kg-tcp,J3,open,1880,-30.153,
droop-0.2kg-tcp,J3,open,1900,-30.076,
droop-0.2kg-tcp,J3,open,1920,-30.145,
droop-0.2kg-tcp,J3,open,1940,-30.179,
droop-0.2kg-tcp,J3,open,1960,-30.048,
droop-0.2kg-tcp,J3,open,1980,-30.147,
droop-0.2kg-tcp,J3,open,2000,-30.110,
droop-0.2kg-tcp,J3,open,2020,-30.077,
droop-0.2kg-tcp,J3,open,2040,-30.169,
droop-0.2kg-tcp,J3,open,2060,-30.070,
droop-0.2kg-tcp,J3,open,2080,-30.100,
droop-0.2kg-tcp,J3,open,2100,-30.017,
droop-0.2kg-tcp,J3,open,2120,-30.031,
droop-0.2kg-tcp,J3,open,2140,-30.118,
droop-0.2kg-tcp,J3,open,2160,-30.161,
droop-0.2kg-tcp,J3,open,2180,-30.022,
droop-0.2kg-tcp,J3,open,2200,-30.108,
droop-0.2kg-tcp,J3,open,2220,-30.135,
droop-0.2kg-tcp,J3,open,2240,-30.110,
droop-0.2kg-tcp,J3,open,2260,-30.106,
droop-0.2kg-tcp,J3,open,2280,-30.111,
droop-0.2kg-tcp,J3,open,2300,-30.073,
droop-0.2kg-tcp,J3,open,2320,-30.109,
droop-0.2kg-tcp,J3,open,2340,-30.064,
droop-0.2kg-tcp,J3,open,2360,-30.101,
droop-0.2kg-tcp,J3,open,2380,-30.071,
droop-0.2kg-tcp,J3,open,2400,-30.096,
droop-0.2kg-tcp,J3,open,2420,-30.129,
droop-0.2kg-tcp,J3,open,2440,-30.207,
droop-0.2kg-tcp,J3,open,2460,-30.143,
droop-0.2kg-tcp,J3,open,2480,-30.074,
droop-0.2kg-tcp,J3,open,2500,-30.138,
droop-0.2kg-tcp,J3,open,2520,-30.098,
droop-0.2kg-tcp,J3,open,2540,-30.147,
droop-0.2kg-tcp,J3,open,2560,-30.115,
droop-0.2kg-tcp,J3,open,2580,-30.175,
droop-0.2kg-tcp,J3,open,2600,-30.064,
droop-0.2kg-tcp,J3,open,2620,-30.080,
droop-0.2kg-tcp,J3,open,2640,-30.087,
droop-0.2kg-tcp,J3,open,2660,-30.091,
droop-0.2kg-tcp,J3,open,2680,-30.117,
droop-0.2kg-tcp,J3,open,2700,-30.128,
droop-0.2kg-tcp,J3,open,2720,-30.149,
droop-0.2kg-tcp,J3,open,2740,-30.148,
droop-0.2kg-tcp,J3,open,2760,-30.131,
droop-0.2kg-tcp,J3,open,2780,-30.137,
droop-0.2kg-tcp,J3,closed,0,-29.973,
droop-0.2kg-tcp,J3,closed,20,-29.985,
droop-0.2kg-tcp,J3,closed,40,-29.989,
droop-0.2kg-tcp,J3,closed,60,-30.084,
droop-0.2kg-tcp,J3,closed,80,-30.010,
droop-0.2kg-tcp,J3,closed,100,-29.945,
droop-0.2kg-tcp,J3,closed,120,-29.988,
droop-0.2kg-tcp,J3,closed,140,-30.010,
droop-0.2kg-tcp,J3,closed,160,-30.020,
droop-0.2kg-tcp,J3,closed,180,-30.048,
droop-0.2kg-tcp,J3,closed,200,-29.980,
droop-0.2kg-tcp,J3,closed,220,-29.969,
droop-0.2kg-tcp,J3,closed,240,-30.040,
droop-0.2kg-tcp,J3,closed,260,-29.940,
droop-0.2kg-tcp,J3,closed,280,-29.995,
droop-0.2kg-tcp,J3,closed,300,-30.014,
droop-0.2kg-tcp,J3,closed,320,-29.982,
droop-0.2kg-tcp,J3,closed,340,-29.950,
droop-0.2kg-tcp,J3,closed,360,-30.046,
droop-0.2kg-tcp,J3,closed,380,-30.013,
droop-0.2kg-tcp,J3,closed,400,-30.020,
droop-0.2kg-tcp,J3,closed,420,-29.997,
droop-0.2kg-tcp,J3,closed,440,-30.022,
droop-0.2kg-tcp,J3,closed,460,-30.006,
droop-0.2kg-tcp,J3,closed,480,-29.982,
droop-0.2kg-tcp,J3,closed,500,-30.022,
droop-0.2kg-tcp,J3,closed,520,-30.047,
droop-0.2kg-tcp,J3,closed,540,-29.962,
droop-0.2kg-tcp,J3,closed,560,-30.047,
droop-0.2kg-tcp,J3,closed,580,-30.020,
droop-0.2kg-tcp,J3,closed,600,-29.967,
droop-0.2kg-tcp,J3,closed,620,-29.936,
droop-0.2kg-tcp,J3,closed,640,-29.929,
droop-0.2kg-tcp,J3,closed,660,-30.034,
droop-0.2kg-tcp,J3,closed,680,-29.990,
droop-0.2kg-tcp,J3,closed,700,-29.971,
droop-0.2kg-tcp,J3,closed,720,-30.027,
droop-0.2kg-tcp,J3,closed,740,-30.053,
droop-0.2kg-tcp,J3,closed,760,-30.022,
droop-0.2kg-tcp,J3,closed,780,-30.077,
droop-0.2kg-tcp,J3,closed,800,-30.078,"gangguan: payload 0,2 kg dipasang di TCP"
droop-0.2kg-tcp,J3,closed,820,-30.090,
droop-0.2kg-tcp,J3,closed,840,-30.103,
droop-0.2kg-tcp,J3,closed,860,-30.108,
droop-0.2kg-tcp,J3,closed,880,-30.075,
droop-0.2kg-tcp,J3,closed,900,-30.129,
droop-0.2kg-tcp,J3,closed,920,-30.142,
droop-0.2kg-tcp,J3,closed,940,-30.135,
droop-0.2kg-tcp,J3,closed,960,-30.101,
droop-0.2kg-tcp,J3,closed,980,-30.044,
droop-0.2kg-tcp,J3,closed,1000,-30.117,
droop-0.2kg-tcp,J3,closed,1020,-30.084,
droop-0.2kg-tcp,J3,closed,1040,-30.083,
droop-0.2kg-tcp,J3,closed,1060,-30.149,
droop-0.2kg-tcp,J3,closed,1080,-30.054,
droop-0.2kg-tcp,J3,closed,1100,-30.069,
droop-0.2kg-tcp,J3,closed,1120,-30.103,
droop-0.2kg-tcp,J3,closed,1140,-30.114,
droop-0.2kg-tcp,J3,closed,1160,-30.124,
droop-0.2kg-tcp,J3,closed,1180,-30.066,
droop-0.2kg-tcp,J3,closed,1200,-30.116,
droop-0.2kg-tcp,J3,closed,1220,-30.123,
droop-0.2kg-tcp,J3,closed,1240,-30.080,
droop-0.2kg-tcp,J3,closed,1260,-30.133,
droop-0.2kg-tcp,J3,closed,1280,-30.153,
droop-0.2kg-tcp,J3,closed,1300,-30.149,
droop-0.2kg-tcp,J3,closed,1320,-30.176,
droop-0.2kg-tcp,J3,closed,1340,-30.060,
droop-0.2kg-tcp,J3,closed,1360,-30.093,
droop-0.2kg-tcp,J3,closed,1380,-30.047,
droop-0.2kg-tcp,J3,closed,1400,-30.028,
droop-0.2kg-tcp,J3,closed,1420,-30.086,
droop-0.2kg-tcp,J3,closed,1440,-30.125,
droop-0.2kg-tcp,J3,closed,1460,-30.165,
droop-0.2kg-tcp,J3,closed,1480,-30.054,
droop-0.2kg-tcp,J3,closed,1500,-30.091,
droop-0.2kg-tcp,J3,closed,1520,-30.147,
droop-0.2kg-tcp,J3,closed,1540,-30.062,
droop-0.2kg-tcp,J3,closed,1560,-30.054,
droop-0.2kg-tcp,J3,closed,1580,-30.131,
droop-0.2kg-tcp,J3,closed,1600,-30.066,
droop-0.2kg-tcp,J3,closed,1620,-30.076,
droop-0.2kg-tcp,J3,closed,1640,-30.086,
droop-0.2kg-tcp,J3,closed,1660,-30.108,
droop-0.2kg-tcp,J3,closed,1680,-30.106,
droop-0.2kg-tcp,J3,closed,1700,-30.124,
droop-0.2kg-tcp,J3,closed,1720,-30.090,
droop-0.2kg-tcp,J3,closed,1740,-30.154,
droop-0.2kg-tcp,J3,closed,1760,-30.099,
droop-0.2kg-tcp,J3,closed,1780,-30.082,
droop-0.2kg-tcp,J3,closed,1800,-30.119,
droop-0.2kg-tcp,J3,closed,1820,-30.108,
droop-0.2kg-tcp,J3,closed,1840,-30.052,
droop-0.2kg-tcp,J3,closed,1860,-30.148,
droop-0.2kg-tcp,J3,closed,1880,-30.063,
droop-0.2kg-tcp,J3,closed,1900,-30.224,
droop-0.2kg-tcp,J3,closed,1920,-30.121,
droop-0.2kg-tcp,J3,closed,1940,-30.126,
droop-0.2kg-tcp,J3,closed,1960,-30.091,
droop-0.2kg-tcp,J3,closed,1980,-30.123,
droop-0.2kg-tcp,J3,closed,2000,-30.056,
droop-0.2kg-tcp,J3,closed,2020,-30.168,
droop-0.2kg-tcp,J3,closed,2040,-30.162,
droop-0.2kg-tcp,J3,closed,2060,-30.100,
droop-0.2kg-tcp,J3,closed,2080,-30.079,
droop-0.2kg-tcp,J3,closed,2100,-30.026,
droop-0.2kg-tcp,J3,closed,2120,-30.059,
droop-0.2kg-tcp,J3,closed,2140,-30.079,
droop-0.2kg-tcp,J3,closed,2160,-30.105,
droop-0.2kg-tcp,J3,closed,2180,-30.139,
droop-0.2kg-tcp,J3,closed,2200,-30.100,
droop-0.2kg-tcp,J3,closed,2220,-30.104,
droop-0.2kg-tcp,J3,closed,2240,-30.102,
droop-0.2kg-tcp,J3,closed,2260,-30.095,
droop-0.2kg-tcp,J3,closed,2280,-30.164,
droop-0.2kg-tcp,J3,closed,2300,-30.028,
droop-0.2kg-tcp,J3,closed,2320,-30.125,
droop-0.2kg-tcp,J3,closed,2340,-30.113,
droop-0.2kg-tcp,J3,closed,2360,-30.061,
droop-0.2kg-tcp,J3,closed,2380,-30.105,
droop-0.2kg-tcp,J3,closed,2400,-30.133,
droop-0.2kg-tcp,J3,closed,2420,-30.061,
droop-0.2kg-tcp,J3,closed,2440,-30.151,
droop-0.2kg-tcp,J3,closed,2460,-30.091,
droop-0.2kg-tcp,J3,closed,2480,-30.074,
droop-0.2kg-tcp,J3,closed,2500,-30.096,
droop-0.2kg-tcp,J3,closed,2520,-30.071,
droop-0.2kg-tcp,J3,closed,2540,-30.125,
droop-0.2kg-tcp,J3,closed,2560,-30.122,
droop-0.2kg-tcp,J3,closed,2580,-30.168,
droop-0.2kg-tcp,J3,closed,2600,-30.122,
droop-0.2kg-tcp,J3,closed,2620,-30.115,
droop-0.2kg-tcp,J3,closed,2640,-30.105,
droop-0.2kg-tcp,J3,closed,2660,-30.166,
droop-0.2kg-tcp,J3,closed,2680,-30.074,
droop-0.2kg-tcp,J3,closed,2700,-30.064,
droop-0.2kg-tcp,J3,closed,2720,-30.119,
droop-0.2kg-tcp,J3,closed,2740,-30.143,
droop-0.2kg-tcp,J3,closed,2760,-30.012,
droop-0.2kg-tcp,J3,closed,2780,-30.174,
droop-0.5kg-forearm,J2,open,0,30.012,
droop-0.5kg-forearm,J2,open,20,29.919,
droop-0.5kg-forearm,J2,open,40,29.938,
droop-0.5kg-forearm,J2,open,60,29.956,
droop-0.5kg-forearm,J2,open,80,29.980,
droop-0.5kg-forearm,J2,open,100,29.962,
droop-0.5kg-forearm,J2,open,120,30.007,
droop-0.5kg-forearm,J2,open,140,29.958,
droop-0.5kg-forearm,J2,open,160,29.949,
droop-0.5kg-forearm,J2,open,180,29.996,
droop-0.5kg-forearm,J2,open,200,29.962,
droop-0.5kg-forearm,J2,open,220,29.917,
droop-0.5kg-forearm,J2,open,240,30.025,
droop-0.5kg-forearm,J2,open,260,30.064,
droop-0.5kg-forearm,J2,open,280,30.094,
droop-0.5kg-forearm,J2,open,300,29.926,
droop-0.5kg-forearm,J2,open,320,29.940,
droop-0.5kg-forearm,J2,open,340,30.035,
droop-0.5kg-forearm,J2,open,360,29.992,
droop-0.5kg-forearm,J2,open,380,30.056,
droop-0.5kg-forearm,J2,open,400,30.054,
droop-0.5kg-forearm,J2,open,420,29.994,
droop-0.5kg-forearm,J2,open,440,30.005,
droop-0.5kg-forearm,J2,open,460,30.032,
droop-0.5kg-forearm,J2,open,480,30.009,
droop-0.5kg-forearm,J2,open,500,29.959,
droop-0.5kg-forearm,J2,open,520,30.014,
droop-0.5kg-forearm,J2,open,540,30.003,
droop-0.5kg-forearm,J2,open,560,30.006,
droop-0.5kg-forearm,J2,open,580,30.027,
droop-0.5kg-forearm,J2,open,600,30.017,
droop-0.5kg-forearm,J2,open,620,29.974,
droop-0.5kg-forearm,J2,open,640,29.951,
droop-0.5kg-forearm,J2,open,660,30.018,
droop-0.5kg-forearm,J2,open,680,29.924,
droop-0.5kg-forearm,J2,open,700,29.966,
droop-0.5kg-forearm,J2,open,720,29.972,
droop-0.5kg-forearm,J2,open,740,30.044,
droop-0.5kg-forearm,J2,open,760,29.967,
droop-0.5kg-forearm,J2,open,780,30.023,
droop-0.5kg-forearm,J2,open,800,29.748,"gangguan: payload 0,5 kg di ujung forearm"
droop-0.5kg-forearm,J2,open,820,29.698,
droop-0.5kg-forearm,J2,open,840,29.729,
droop-0.5kg-forearm,J2,open,860,29.746,
droop-0.5kg-forearm,J2,open,880,29.757,
droop-0.5kg-forearm,J2,open,900,29.731,
droop-0.5kg-forearm,J2,open,920,29.716,
droop-0.5kg-forearm,J2,open,940,29.691,
droop-0.5kg-forearm,J2,open,960,29.688,
droop-0.5kg-forearm,J2,open,980,29.716,
droop-0.5kg-forearm,J2,open,1000,29.756,
droop-0.5kg-forearm,J2,open,1020,29.702,
droop-0.5kg-forearm,J2,open,1040,29.717,
droop-0.5kg-forearm,J2,open,1060,29.682,
droop-0.5kg-forearm,J2,open,1080,29.731,
droop-0.5kg-forearm,J2,open,1100,29.690,
droop-0.5kg-forearm,J2,open,1120,29.745,
droop-0.5kg-forearm,J2,open,1140,29.726,
droop-0.5kg-forearm,J2,open,1160,29.702,
droop-0.5kg-forearm,J2,open,1180,29.687,
droop-0.5kg-forearm,J2,open,1200,29.738,
droop-0.5kg-forearm,J2,open,1220,29.640,
droop-0.5kg-forearm,J2,open,1240,29.770,
droop-0.5kg-forearm,J2,open,1260,29.732,
droop-0.5kg-forearm,J2,open,1280,29.713,
droop-0.5kg-forearm,J2,open,1300,29.704,
droop-0.5kg-forearm,J2,open,1320,29.736,
droop-0.5kg-forearm,J2,open,1340,29.663,
droop-0.5kg-forearm,J2,open,1360,29.680,
droop-0.5kg-forearm,J2,open,1380,29.751,
droop-0.5kg-forearm,J2,open,1400,29.673,
droop-0.5kg-forearm,J2,open,1420,29.621,
droop-0.5kg-forearm,J2,open,1440,29.744,
droop-0.5kg-forearm,J2,open,1460,29.751,
droop-0.5kg-forearm,J2,open,1480,29.828,
droop-0.5kg-forearm,J2,open,1500,29.736,
droop-0.5kg-forearm,J2,open,1520,29.735,
droop-0.5kg-forearm,J2,open,1540,29.692,
droop-0.5kg-forearm,J2,open,1560,29.749,
droop-0.5kg-forearm,J2,open,1580,29.727,
droop-0.5kg-forearm,J2,open,1600,29.691,
droop-0.5kg-forearm,J2,open,1620,29.699,
droop-0.5kg-forearm,J2,open,1640,29.681,
droop-0.5kg-forearm,J2,open,1660,29.751,
droop-0.5kg-forearm,J2,open,1680,29.717,
droop-0.5kg-forearm,J2,open,1700,29.773,
droop-0.5kg-forearm,J2,open,1720,29.773,
droop-0.5kg-forearm,J2,open,1740,29.720,
droop-0.5kg-forearm,J2,open,1760,29.828,
droop-0.5kg-forearm,J2,open,1780,29.710,
droop-0.5kg-forearm,J2,open,1800,29.708,
droop-0.5kg-forearm,J2,open,1820,29.754,
droop-0.5kg-forearm,J2,open,1840,29.678,
droop-0.5kg-forearm,J2,open,1860,29.831,
droop-0.5kg-forearm,J2,open,1880,29.765,
droop-0.5kg-forearm,J2,open,1900,29.711,
droop-0.5kg-forearm,J2,open,1920,29.677,
droop-0.5kg-forearm,J2,open,1940,29.780,
droop-0.5kg-forearm,J2,open,1960,29.739,
droop-0.5kg-forearm,J2,open,1980,29.699,
droop-0.5kg-forearm,J2,open,2000,29.784,
droop-0.5kg-forearm,J2,open,2020,29.736,
droop-0.5kg-forearm,J2,open,2040,29.805,
droop-0.5kg-forearm,J2,open,2060,29.704,
droop-0.5kg-forearm,J2,open,2080,29.685,
droop-0.5kg-forearm,J2,open,2100,29.714,
droop-0.5kg-forearm,J2,open,2120,29.744,
droop-0.5kg-forearm,J2,open,2140,29.702,
droop-0.5kg-forearm,J2,open,2160,29.695,
droop-0.5kg-forearm,J2,open,2180,29.710,
droop-0.5kg-forearm,J2,open,2200,29.771,
droop-0.5kg-forearm,J2,open,2220,29.715,
droop-0.5kg-forearm,J2,open,2240,29.646,
droop-0.5kg-forearm,J2,open,2260,29.762,
droop-0.5kg-forearm,J2,open,2280,29.783,
droop-0.5kg-forearm,J2,open,2300,29.707,
droop-0.5kg-forearm,J2,open,2320,29.722,
droop-0.5kg-forearm,J2,open,2340,29.649,
droop-0.5kg-forearm,J2,open,2360,29.760,
droop-0.5kg-forearm,J2,open,2380,29.760,
droop-0.5kg-forearm,J2,open,2400,29.761,
droop-0.5kg-forearm,J2,open,2420,29.749,
droop-0.5kg-forearm,J2,open,2440,29.794,
droop-0.5kg-forearm,J2,open,2460,29.716,
droop-0.5kg-forearm,J2,open,2480,29.689,
droop-0.5kg-forearm,J2,open,2500,29.731,
droop-0.5kg-forearm,J2,open,2520,29.720,
droop-0.5kg-forearm,J2,open,2540,29.718,
droop-0.5kg-forearm,J2,open,2560,29.690,
droop-0.5kg-forearm,J2,open,2580,29.771,
droop-0.5kg-forearm,J2,open,2600,29.708,
droop-0.5kg-forearm,J2,open,2620,29.750,
droop-0.5kg-forearm,J2,open,2640,29.736,
droop-0.5kg-forearm,J2,open,2660,29.743,
droop-0.5kg-forearm,J2,open,2680,29.763,
droop-0.5kg-forearm,J2,open,2700,29.761,
droop-0.5kg-forearm,J2,open,2720,29.726,
droop-0.5kg-forearm,J2,open,2740,29.704,
droop-0.5kg-forearm,J2,open,2760,29.764,
droop-0.5kg-forearm,J2,open,2780,29.758,
droop-0.5kg-forearm,J2,closed,0,29.952,
droop-0.5kg-forearm,J2,closed,20,29.940,
droop-0.5kg-forearm,J2,closed,40,29.981,
droop-0.5kg-forearm,J2,closed,60,29.944,
droop-0.5kg-forearm,J2,closed,80,30.006,
droop-0.5kg-forearm,J2,closed,100,30.067,
droop-0.5kg-forearm,J2,closed,120,30.023,
droop-0.5kg-forearm,J2,closed,140,29.958,
droop-0.5kg-forearm,J2,closed,160,29.977,
droop-0.5kg-forearm,J2,closed,180,29.924,
droop-0.5kg-forearm,J2,closed,200,30.073,
droop-0.5kg-forearm,J2,closed,220,30.003,
droop-0.5kg-forearm,J2,closed,240,29.991,
droop-0.5kg-forearm,J2,closed,260,30.055,
droop-0.5kg-forearm,J2,closed,280,29.983,
droop-0.5kg-forearm,J2,closed,300,30.016,
droop-0.5kg-forearm,J2,closed,320,30.016,
droop-0.5kg-forearm,J2,closed,340,30.013,
droop-0.5kg-forearm,J2,closed,360,30.000,
droop-0.5kg-forearm,J2,closed,380,29.980,
droop-0.5kg-forearm,J2,closed,400,29.930,
droop-0.5kg-forearm,J2,closed,420,29.986,
droop-0.5kg-forearm,J2,closed,440,30.045,
droop-0.5kg-forearm,J2,closed,460,29.929,
droop-0.5kg-forearm,J2,closed,480,29.932,
droop-0.5kg-forearm,J2,closed,500,29.928,
droop-0.5kg-forearm,J2,closed,520,29.946,
droop-0.5kg-forearm,J2,closed,540,29.972,
droop-0.5kg-forearm,J2,closed,560,30.000,
droop-0.5kg-forearm,J2,closed,580,30.009,
droop-0.5kg-forearm,J2,closed,600,29.948,
droop-0.5kg-forearm,J2,closed,620,29.889,
droop-0.5kg-forearm,J2,closed,640,30.012,
droop-0.5kg-forearm,J2,closed,660,29.985,
droop-0.5kg-forearm,J2,closed,680,29.977,
droop-0.5kg-forearm,J2,closed,700,29.966,
droop-0.5kg-forearm,J2,closed,720,29.969,
droop-0.5kg-forearm,J2,closed,740,29.969,
droop-0.5kg-forearm,J2,closed,760,29.976,
droop-0.5kg-forearm,J2,closed,780,30.020,
droop-0.5kg-forearm,J2,closed,800,29.741,"gangguan: payload 0,5 kg di ujung forearm"
droop-0.5kg-forearm,J2,closed,820,29.749,
droop-0.5kg-forearm,J2,closed,840,29.835,
droop-0.5kg-forearm,J2,closed,860,29.769,
droop-0.5kg-forearm,J2,closed,880,29.719,
droop-0.5kg-forearm,J2,closed,900,29.690,
droop-0.5kg-forearm,J2,closed,920,29.789,
droop-0.5kg-forearm,J2,closed,940,29.828,
droop-0.5kg-forearm,J2,closed,960,29.886,
droop-0.5kg-forearm,J2,closed,980,29.902,
droop-0.5kg-forearm,J2,closed,1000,29.876,
droop-0.5kg-forearm,J2,closed,1020,29.892,
droop-0.5kg-forearm,J2,closed,1040,29.951,
droop-0.5kg-forearm,J2,closed,1060,29.884,
droop-0.5kg-forearm,J2,closed,1080,29.981,
droop-0.5kg-forearm,J2,closed,1100,29.795,
droop-0.5kg-forearm,J2,closed,1120,30.001,
droop-0.5kg-forearm,J2,closed,1140,29.878,
droop-0.5kg-forearm,J2,closed,1160,29.917,
droop-0.5kg-forearm,J2,closed,1180,29.934,
droop-0.5kg-forearm,J2,closed,1200,29.825,
droop-0.5kg-forearm,J2,closed,1220,29.900,
droop-0.5kg-forearm,J2,closed,1240,29.889,
droop-0.5kg-forearm,J2,closed,1260,29.954,
droop-0.5kg-forearm,J2,closed,1280,29.902,
droop-0.5kg-forearm,J2,closed,1300,29.893,
droop-0.5kg-forearm,J2,closed,1320,29.905,
droop-0.5kg-forearm,J2,closed,1340,29.821,
droop-0.5kg-forearm,J2,closed,1360,29.916,
droop-0.5kg-forearm,J2,closed,1380,29.885,
droop-0.5kg-forearm,J2,closed,1400,29.895,
droop-0.5kg-forearm,J2,closed,1420,29.888,
droop-0.5kg-forearm,J2,closed,1440,29.858,
droop-0.5kg-forearm,J2,closed,1460,29.869,
droop-0.5kg-forearm,J2,closed,1480,29.851,
droop-0.5kg-forearm,J2,closed,1500,29.936,
droop-0.5kg-forearm,J2,closed,1520,29.846,
droop-0.5kg-forearm,J2,closed,1540,29.900,
droop-0.5kg-forearm,J2,closed,1560,29.851,
droop-0.5kg-forearm,J2,closed,1580,29.943,
droop-0.5kg-forearm,J2,closed,1600,29.875,
droop-0.5kg-forearm,J2,closed,1620,29.876,
droop-0.5kg-forearm,J2,closed,1640,29.873,
droop-0.5kg-forearm,J2,closed,1660,29.861,
droop-0.5kg-forearm,J2,closed,1680,29.937,
droop-0.5kg-forearm,J2,closed,1700,29.899,
droop-0.5kg-forearm,J2,closed,1720,29.875,
droop-0.5kg-forearm,J2,closed,1740,29.878,
droop-0.5kg-forearm,J2,closed,1760,29.922,
droop-0.5kg-forearm,J2,closed,1780,29.951,
droop-0.5kg-forearm,J2,closed,1800,29.851,
droop-0.5kg-forearm,J2,closed,1820,29.839,
droop-0.5kg-forearm,J2,closed,1840,29.909,
droop-0.5kg-forearm,J2,closed,1860,29.862,
droop-0.5kg-forearm,J2,closed,1880,29.848,
droop-0.5kg-forearm,J2,closed,1900,29.893,
droop-0.5kg-forearm,J2,closed,1920,29.957,
droop-0.5kg-forearm,J2,closed,1940,29.870,
droop-0.5kg-forearm,J2,closed,1960,29.909,
droop-0.5kg-forearm,J2,closed,1980,29.901,
droop-0.5kg-forearm,J2,closed,2000,29.858,
droop-0.5kg-forearm,J2,closed,2020,29.844,
droop-0.5kg-forearm,J2,closed,2040,29.841,
droop-0.5kg-forearm,J2,closed,2060,29.955,
droop-0.5kg-forearm,J2,closed,2080,29.845,
droop-0.5kg-forearm,J2,closed,2100,29.925,
droop-0.5kg-forearm,J2,closed,2120,29.828,
droop-0.5kg-forearm,J2,closed,2140,29.855,
droop-0.5kg-forearm,J2,closed,2160,29.848,
droop-0.5kg-forearm,J2,closed,2180,29.908,
droop-0.5kg-forearm,J2,closed,2200,29.907,
droop-0.5kg-forearm,J2,closed,2220,29.942,
droop-0.5kg-forearm,J2,closed,2240,29.961,
droop-0.5kg-forearm,J2,closed,2260,29.940,
droop-0.5kg-forearm,J2,closed,2280,29.869,
droop-0.5kg-forearm,J2,closed,2300,29.849,
droop-0.5kg-forearm,J2,closed,2320,29.866,
droop-0.5kg-forearm,J2,closed,2340,29.891,
droop-0.5kg-forearm,J2,closed,2360,29.866,
droop-0.5kg-forearm,J2,closed,2380,29.884,
droop-0.5kg-forearm,J2,closed,2400,29.829,
droop-0.5kg-forearm,J2,closed,2420,29.888,
droop-0.5kg-forearm,J2,closed,2440,29.933,
droop-0.5kg-forearm,J2,closed,2460,29.906,
droop-0.5kg-forearm,J2,closed,2480,29.911,
droop-0.5kg-forearm,J2,closed,2500,29.922,
droop-0.5kg-forearm,J2,closed,2520,29.820,
droop-0.5kg-forearm,J2,closed,2540,29.871,
droop-0.5kg-forearm,J2,closed,2560,29.943,
droop-0.5kg-forearm,J2,closed,2580,29.835,
droop-0.5kg-forearm,J2,closed,2600,29.885,
droop-0.5kg-forearm,J2,closed,2620,29.879,
droop-0.5kg-forearm,J2,closed,2640,29.822,
droop-0.5kg-forearm,J2,closed,2660,29.895,
droop-0.5kg-forearm,J2,closed,2680,29.927,
droop-0.5kg-forearm,J2,closed,2700,29.846,
droop-0.5kg-forearm,J2,closed,2720,29.894,
droop-0.5kg-forearm,J2,closed,2740,29.891,
droop-0.5kg-forearm,J2,closed,2760,29.888,
droop-0.5kg-forearm,J2,closed,2780,29.859,
droop-0.5kg-forearm,J3,open,0,-30.003,
droop-0.5kg-forearm,J3,open,20,-29.922,
droop-0.5kg-forearm,J3,open,40,-29.978,
droop-0.5kg-forearm,J3,open,60,-29.978,
droop-0.5kg-forearm,J3,open,80,-29.944,
droop-0.5kg-forearm,J3,open,100,-29.961,
droop-0.5kg-forearm,J3,open,120,-30.002,
droop-0.5kg-forearm,J3,open,140,-29.975,
droop-0.5kg-forearm,J3,open,160,-29.962,
droop-0.5kg-forearm,J3,open,180,-29.991,
droop-0.5kg-forearm,J3,open,200,-30.046,
droop-0.5kg-forearm,J3,open,220,-30.056,
droop-0.5kg-forearm,J3,open,240,-30.034,
droop-0.5kg-forearm,J3,open,260,-29.994,
droop-0.5kg-forearm,J3,open,280,-30.002,
droop-0.5kg-forearm,J3,open,300,-29.979,
droop-0.5kg-forearm,J3,open,320,-30.092,
droop-0.5kg-forearm,J3,open,340,-30.062,
droop-0.5kg-forearm,J3,open,360,-29.983,
droop-0.5kg-forearm,J3,open,380,-30.011,
droop-0.5kg-forearm,J3,open,400,-30.017,
droop-0.5kg-forearm,J3,open,420,-29.993,
droop-0.5kg-forearm,J3,open,440,-30.018,
droop-0.5kg-forearm,J3,open,460,-29.978,
droop-0.5kg-forearm,J3,open,480,-29.961,
droop-0.5kg-forearm,J3,open,500,-30.019,
droop-0.5kg-forearm,J3,open,520,-30.020,
droop-0.5kg-forearm,J3,open,540,-30.055,
droop-0.5kg-forearm,J3,open,560,-30.053,
droop-0.5kg-forearm,J3,open,580,-30.059,
droop-0.5kg-forearm,J3,open,600,-30.033,
droop-0.5kg-forearm,J3,open,620,-29.994,
droop-0.5kg-forearm,J3,open,640,-30.027,
droop-0.5kg-forearm,J3,open,660,-30.023,
droop-0.5kg-forearm,J3,open,680,-29.981,
droop-0.5kg-forearm,J3,open,700,-30.021,
droop-0.5kg-forearm,J3,open,720,-30.017,
droop-0.5kg-forearm,J3,open,740,-30.078,
droop-0.5kg-forearm,J3,open,760,-30.052,
droop-0.5kg-forearm,J3,open,780,-29.973,
droop-0.5kg-forearm,J3,open,800,-30.233,"gangguan: payload 0,5 kg di ujung forearm"
droop-0.5kg-forearm,J3,open,820,-30.211,
droop-0.5kg-forearm,J3,open,840,-30.244,
droop-0.5kg-forearm,J3,open,860,-30.299,
droop-0.5kg-forearm,J3,open,880,-30.252,
droop-0.5kg-forearm,J3,open,900,-30.274,
droop-0.5kg-forearm,J3,open,920,-30.232,
droop-0.5kg-forearm,J3,open,940,-30.254,
droop-0.5kg-forearm,J3,open,960,-30.290,
droop-0.5kg-forearm,J3,open,980,-30.228,
droop-0.5kg-forearm,J3,open,1000,-30.220,
droop-0.5kg-forearm,J3,open,1020,-30.280,
droop-0.5kg-forearm,J3,open,1040,-30.231,
droop-0.5kg-forearm,J3,open,1060,-30.193,
droop-0.5kg-forearm,J3,open,1080,-30.214,
droop-0.5kg-forearm,J3,open,1100,-30.207,
droop-0.5kg-forearm,J3,open,1120,-30.231,
droop-0.5kg-forearm,J3,open,1140,-30.167,
droop-0.5kg-forearm,J3,open,1160,-30.155,
droop-0.5kg-forearm,J3,open,1180,-30.268,
droop-0.5kg-forearm,J3,open,1200,-30.246,
droop-0.5kg-forearm,J3,open,1220,-30.255,
droop-0.5kg-forearm,J3,open,1240,-30.174,
droop-0.5kg-forearm,J3,open,1260,-30.258,
droop-0.5kg-forearm,J3,open,1280,-30.204,
droop-0.5kg-forearm,J3,open,1300,-30.225,
droop-0.5kg-forearm,J3,open,1320,-30.250,
droop-0.5kg-forearm,J3,open,1340,-30.177,
droop-0.5kg-forearm,J3,open,1360,-30.215,
droop-0.5kg-forearm,J3,open,1380,-30.187,
droop-0.5kg-forearm,J3,open,1400,-30.230,
droop-0.5kg-forearm,J3,open,1420,-30.318,
droop-0.5kg-forearm,J3,open,1440,-30.202,
droop-0.5kg-forearm,J3,open,1460,-30.259,
droop-0.5kg-forearm,J3,open,1480,-30.179,
droop-0.5kg-forearm,J3,open,1500,-30.180,
droop-0.5kg-forearm,J3,open,1520,-30.221,
droop-0.5kg-forearm,J3,open,1540,-30.269,
droop-0.5kg-forearm,J3,open,1560,-30.257,
droop-0.5kg-forearm,J3,open,1580,-30.204,
droop-0.5kg-forearm,J3,open,1600,-30.224,
droop-0.5kg-forearm,J3,open,1620,-30.217,
droop-0.5kg-forearm,J3,open,1640,-30.135,
droop-0.5kg-forearm,J3,open,1660,-30.238,
droop-0.5kg-forearm,J3,open,1680,-30.186,
droop-0.5kg-forearm,J3,open,1700,-30.228,
droop-0.5kg-forearm,J3,open,1720,-30.239,
droop-0.5kg-forearm,J3,open,1740,-30.239,
droop-0.5kg-forearm,J3,open,1760,-30.257,
droop-0.5kg-forearm,J3,open,1780,-30.227,
droop-0.5kg-forearm,J3,open,1800,-30.187,
droop-0.5kg-forearm,J3,open,1820,-30.248,
droop-0.5kg-forearm,J3,open,1840,-30.221,
droop-0.5kg-forearm,J3,open,1860,-30.175,
droop-0.5kg-forearm,J3,open,1880,-30.218,
droop-0.5kg-forearm,J3,open,1900,-30.194,
droop-0.5kg-forearm,J3,open,1920,-30.227,
droop-0.5kg-forearm,J3,open,1940,-30.208,
droop-0.5kg-forearm,J3,open,1960,-30.251,
droop-0.5kg-forearm,J3,open,1980,-30.246,
droop-0.5kg-forearm,J3,open,2000,-30.246,
droop-0.5kg-forearm,J3,open,2020,-30.266,
droop-0.5kg-forearm,J3,open,2040,-30.235,
droop-0.5kg-forearm,J3,open,2060,-30.198,
droop-0.5kg-forearm,J3,open,2080,-30.215,
droop-0.5kg-forearm,J3,open,2100,-30.250,
droop-0.5kg-forearm,J3,open,2120,-30.240,
droop-0.5kg-forearm,J3,open,2140,-30.227,
droop-0.5kg-forearm,J3,open,2160,-30.197,
droop-0.5kg-forearm,J3,open,2180,-30.238,
droop-0.5kg-forearm,J3,open,2200,-30.185,
droop-0.5kg-forearm,J3,open,2220,-30.160,
droop-0.5kg-forearm,J3,open,2240,-30.237,
droop-0.5kg-forearm,J3,open,2260,-30.237,
droop-0.5kg-forearm,J3,open,2280,-30.246,
droop-0.5kg-forearm,J3,open,2300,-30.238,
droop-0.5kg-forearm,J3,open,2320,-30.229,
droop-0.5kg-forearm,J3,open,2340,-30.161,
droop-0.5kg-forearm,J3,open,2360,-30.276,
droop-0.5kg-forearm,J3,open,2380,-30.240,
droop-0.5kg-forearm,J3,open,2400,-30.190,
droop-0.5kg-forearm,J3,open,2420,-30.239,
droop-0.5kg-forearm,J3,open,2440,-30.238,
droop-0.5kg-forearm,J3,open,2460,-30.225,
droop-0.5kg-forearm,J3,open,2480,-30.210,
droop-0.5kg-forearm,J3,open,2500,-30.145,
droop-0.5kg-forearm,J3,open,2520,-30.226,
droop-0.5kg-forearm,J3,open,2540,-30.274,
droop-0.5kg-forearm,J3,open,2560,-30.214,
droop-0.5kg-forearm,J3,open,2580,-30.320,
droop-0.5kg-forearm,J3,open,2600,-30.266,
droop-0.5kg-forearm,J3,open,2620,-30.283,
droop-0.5kg-forearm,J3,open,2640,-30.203,
droop-0.5kg-forearm,J3,open,2660,-30.245,
droop-0.5kg-forearm,J3,open,2680,-30.186,
droop-0.5kg-forearm,J3,open,2700,-30.239,
droop-0.5kg-forearm,J3,open,2720,-30.224,
droop-0.5kg-forearm,J3,open,2740,-30.256,
droop-0.5kg-forearm,J3,open,2760,-30.208,
droop-0.5kg-forearm,J3,open,2780,-30.269,
droop-0.5kg-forearm,J3,closed,0,-29.960,
droop-0.5kg-forearm,J3,closed,20,-29.995,
droop-0.5kg-forearm,J3,closed,40,-30.002,
droop-0.5kg-forearm,J3,closed,60,-29.990,
droop-0.5kg-forearm,J3,closed,80,-30.023,
droop-0.5kg-forearm,J3,closed,100,-30.017,
droop-0.5kg-forearm,J3,closed,120,-30.004,
droop-0.5kg-forearm,J3,closed,140,-30.037,
droop-0.5kg-forearm,J3,closed,160,-29.973,
droop-0.5kg-forearm,J3,closed,180,-29.960,
droop-0.5kg-forearm,J3,closed,200,-29.993,
droop-0.5kg-forearm,J3,closed,220,-29.918,
droop-0.5kg-forearm,J3,closed,240,-30.000,
droop-0.5kg-forearm,J3,closed,260,-29.968,
droop-0.5kg-forearm,J3,closed,280,-29.945,
droop-0.5kg-forearm,J3,closed,300,-29.977,
droop-0.5kg-forearm,J3,closed,320,-29.957,
droop-0.5kg-forearm,J3,closed,340,-29.966,
droop-0.5kg-forearm,J3,closed,360,-30.009,
droop-0.5kg-forearm,J3,closed,380,-29.991,
droop-0.5kg-forearm,J3,closed,400,-30.013,
droop-0.5kg-forearm,J3,closed,420,-29.925,
droop-0.5kg-forearm,J3,closed,440,-30.074,
droop-0.5kg-forearm,J3,closed,460,-30.030,
droop-0.5kg-forearm,J3,closed,480,-29.975,
droop-0.5kg-forearm,J3,closed,500,-30.057,
droop-0.5kg-forearm,J3,closed,520,-30.057,
droop-0.5kg-forearm,J3,closed,540,-29.949,
droop-0.5kg-forearm,J3,closed,560,-29.985,
droop-0.5kg-forearm,J3,closed,580,-30.039,
droop-0.5kg-forearm,J3,closed,600,-29.981,
droop-0.5kg-forearm,J3,closed,620,-30.063,
droop-0.5kg-forearm,J3,closed,640,-29.974,
droop-0.5kg-forearm,J3,closed,660,-30.007,
droop-0.5kg-forearm,J3,closed,680,-29.999,
droop-0.5kg-forearm,J3,closed,700,-30.047,
droop-0.5kg-forearm,J3,closed,720,-29.987,
droop-0.5kg-forearm,J3,closed,740,-29.992,
droop-0.5kg-forearm,J3,closed,760,-29.981,
droop-0.5kg-forearm,J3,closed,780,-30.022,
droop-0.5kg-forearm,J3,closed,800,-30.192,"gangguan: payload 0,5 kg di ujung forearm"
droop-0.5kg-forearm,J3,closed,820,-30.217,
droop-0.5kg-forearm,J3,closed,840,-30.206,
droop-0.5kg-forearm,J3,closed,860,-30.248,
droop-0.5kg-forearm,J3,closed,880,-30.250,
droop-0.5kg-forearm,J3,closed,900,-30.281,
droop-0.5kg-forearm,J3,closed,920,-30.077,
droop-0.5kg-forearm,J3,closed,940,-30.017,
droop-0.5kg-forearm,J3,closed,960,-30.053,
droop-0.5kg-forearm,J3,closed,980,-30.176,
droop-0.5kg-forearm,J3,closed,1000,-30.039,
droop-0.5kg-forearm,J3,closed,1020,-30.066,
droop-0.5kg-forearm,J3,closed,1040,-30.169,
droop-0.5kg-forearm,J3,closed,1060,-30.053,
droop-0.5kg-forearm,J3,closed,1080,-30.059,
droop-0.5kg-forearm,J3,closed,1100,-30.055,
droop-0.5kg-forearm,J3,closed,1120,-30.143,
droop-0.5kg-forearm,J3,closed,1140,-30.098,
droop-0.5kg-forearm,J3,closed,1160,-30.087,
droop-0.5kg-forearm,J3,closed,1180,-30.071,
droop-0.5kg-forearm,J3,closed,1200,-30.060,
droop-0.5kg-forearm,J3,closed,1220,-30.003,
droop-0.5kg-forearm,J3,closed,1240,-30.130,
droop-0.5kg-forearm,J3,closed,1260,-30.082,
droop-0.5kg-forearm,J3,closed,1280,-30.122,
droop-0.5kg-forearm,J3,closed,1300,-30.117,
droop-0.5kg-forearm,J3,closed,1320,-30.165,
droop-0.5kg-forearm,J3,closed,1340,-30.097,
droop-0.5kg-forearm,J3,closed,1360,-30.161,
droop-0.5kg-forearm,J3,closed,1380,-30.108,
droop-0.5kg-forearm,J3,closed,1400,-30.024,
droop-0.5kg-forearm,J3,closed,1420,-30.117,
droop-0.5kg-forearm,J3,closed,1440,-30.113,
droop-0.5kg-forearm,J3,closed,1460,-30.047,
droop-0.5kg-forearm,J3,closed,1480,-30.041,
droop-0.5kg-forearm,J3,closed,1500,-30.155,
droop-0.5kg-forearm,J3,closed,1520,-30.129,
droop-0.5kg-forearm,J3,closed,1540,-30.043,
droop-0.5kg-forearm,J3,closed,1560,-30.101,
droop-0.5kg-forearm,J3,closed,1580,-30.145,
droop-0.5kg-forearm,J3,closed,1600,-30.086,
droop-0.5kg-forearm,J3,closed,1620,-30.125,
droop-0.5kg-forearm,J3,closed,1640,-30.107,
droop-0.5kg-forearm,J3,closed,1660,-30.108,
droop-0.5kg-forearm,J3,closed,1680,-30.113,
droop-0.5kg-forearm,J3,closed,1700,-30.104,
droop-0.5kg-forearm,J3,closed,1720,-30.083,
droop-0.5kg-forearm,J3,closed,1740,-30.149,
droop-0.5kg-forearm,J3,closed,1760,-30.055,
droop-0.5kg-forearm,J3,closed,1780,-30.133,
droop-0.5kg-forearm,J3,closed,1800,-30.122,
droop-0.5kg-forearm,J3,closed,1820,-30.109,
droop-0.5kg-forearm,J3,closed,1840,-30.035,
droop-0.5kg-forearm,J3,closed,1860,-30.082,
droop-0.5kg-forearm,J3,closed,1880,-30.119,
droop-0.5kg-forearm,J3,closed,1900,-30.160,
droop-0.5kg-forearm,J3,closed,1920,-30.050,
droop-0.5kg-forearm,J3,closed,1940,-30.126,
droop-0.5kg-forearm,J3,closed,1960,-30.081,
droop-0.5kg-forearm,J3,closed,1980,-30.069,
droop-0.5kg-forearm,J3,closed,2000,-30.074,
droop-0.5kg-forearm,J3,closed,2020,-30.129,
droop-0.5kg-forearm,J3,closed,2040,-30.084,
droop-0.5kg-forearm,J3,closed,2060,-30.076,
droop-0.5kg-forearm,J3,closed,2080,-30.075,
droop-0.5kg-forearm,J3,closed,2100,-30.061,
droop-0.5kg-forearm,J3,closed,2120,-30.065,
droop-0.5kg-forearm,J3,closed,2140,-30.052,
droop-0.5kg-forearm,J3,closed,2160,-30.073,
droop-0.5kg-forearm,J3,closed,2180,-29.979,
droop-0.5kg-forearm,J3,closed,2200,-30.094,
droop-0.5kg-forearm,J3,closed,2220,-30.098,
droop-0.5kg-forearm,J3,closed,2240,-30.105,
droop-0.5kg-forearm,J3,closed,2260,-30.042,
droop-0.5kg-forearm,J3,closed,2280,-30.136,
droop-0.5kg-forearm,J3,closed,2300,-30.098,
droop-0.5kg-forearm,J3,closed,2320,-30.087,
droop-0.5kg-forearm,J3,closed,2340,-30.092,
droop-0.5kg-forearm,J3,closed,2360,-30.110,
droop-0.5kg-forearm,J3,closed,2380,-30.059,
droop-0.5kg-forearm,J3,closed,2400,-30.109,
droop-0.5kg-forearm,J3,closed,2420,-30.083,
droop-0.5kg-forearm,J3,closed,2440,-30.160,
droop-0.5kg-forearm,J3,closed,2460,-30.054,
droop-0.5kg-forearm,J3,closed,2480,-30.055,
droop-0.5kg-forearm,J3,closed,2500,-30.081,
droop-0.5kg-forearm,J3,closed,2520,-30.158,
droop-0.5kg-forearm,J3,closed,2540,-30.095,
droop-0.5kg-forearm,J3,closed,2560,-30.126,
droop-0.5kg-forearm,J3,closed,2580,-30.109,
droop-0.5kg-forearm,J3,closed,2600,-30.094,
droop-0.5kg-forearm,J3,closed,2620,-30.107,
droop-0.5kg-forearm,J3,closed,2640,-30.112,
droop-0.5kg-forearm,J3,closed,2660,-30.091,
droop-0.5kg-forearm,J3,closed,2680,-30.121,
droop-0.5kg-forearm,J3,closed,2700,-30.075,
droop-0.5kg-forearm,J3,closed,2720,-30.073,
droop-0.5kg-forearm,J3,closed,2740,-30.081,
droop-0.5kg-forearm,J3,closed,2760,-30.089,
droop-0.5kg-forearm,J3,closed,2780,-30.120,
kehilangan-langkah,J2,open,0,29.971,
kehilangan-langkah,J2,open,20,29.965,
kehilangan-langkah,J2,open,40,30.021,
kehilangan-langkah,J2,open,60,29.994,
kehilangan-langkah,J2,open,80,29.983,
kehilangan-langkah,J2,open,100,29.981,
kehilangan-langkah,J2,open,120,30.044,
kehilangan-langkah,J2,open,140,29.966,
kehilangan-langkah,J2,open,160,30.024,
kehilangan-langkah,J2,open,180,30.055,
kehilangan-langkah,J2,open,200,30.005,
kehilangan-langkah,J2,open,220,29.968,
kehilangan-langkah,J2,open,240,29.993,
kehilangan-langkah,J2,open,260,29.968,
kehilangan-langkah,J2,open,280,30.081,
kehilangan-langkah,J2,open,300,29.988,
kehilangan-langkah,J2,open,320,29.945,
kehilangan-langkah,J2,open,340,30.041,
kehilangan-langkah,J2,open,360,29.956,
kehilangan-langkah,J2,open,380,30.003,
kehilangan-langkah,J2,open,400,29.993,
kehilangan-langkah,J2,open,420,30.004,
kehilangan-langkah,J2,open,440,30.014,
kehilangan-langkah,J2,open,460,30.061,
kehilangan-langkah,J2,open,480,29.993,
kehilangan-langkah,J2,open,500,29.969,
kehilangan-langkah,J2,open,520,29.995,
kehilangan-langkah,J2,open,540,29.965,
kehilangan-langkah,J2,open,560,30.015,
kehilangan-langkah,J2,open,580,30.026,
kehilangan-langkah,J2,open,600,30.013,
kehilangan-langkah,J2,open,620,30.023,
kehilangan-langkah,J2,open,640,29.988,
kehilangan-langkah,J2,open,660,29.987,
kehilangan-langkah,J2,open,680,29.960,
kehilangan-langkah,J2,open,700,30.033,
kehilangan-langkah,J2,open,720,30.007,
kehilangan-langkah,J2,open,740,30.066,
kehilangan-langkah,J2,open,760,29.926,
kehilangan-langkah,J2,open,780,30.006,
kehilangan-langkah,J2,open,800,23.560,gangguan: arus driver diturunkan sementara
kehilangan-langkah,J2,open,820,23.681,
kehilangan-langkah,J2,open,840,23.639,
kehilangan-langkah,J2,open,860,23.543,
kehilangan-langkah,J2,open,880,23.617,
kehilangan-langkah,J2,open,900,23.642,
kehilangan-langkah,J2,open,920,23.687,
kehilangan-langkah,J2,open,940,23.725,
kehilangan-langkah,J2,open,960,23.609,
kehilangan-langkah,J2,open,980,23.665,
kehilangan-langkah,J2,open,1000,23.523,
kehilangan-langkah,J2,open,1020,23.599,
kehilangan-langkah,J2,open,1040,23.586,
kehilangan-langkah,J2,open,1060,23.692,
kehilangan-langkah,J2,open,1080,23.625,
kehilangan-langkah,J2,open,1100,23.582,
kehilangan-langkah,J2,open,1120,23.654,
kehilangan-langkah,J2,open,1140,23.579,
kehilangan-langkah,J2,open,1160,23.657,
kehilangan-langkah,J2,open,1180,23.567,
kehilangan-langkah,J2,open,1200,23.593,
kehilangan-langkah,J2,open,1220,23.586,
kehilangan-langkah,J2,open,1240,23.612,
kehilangan-langkah,J2,open,1260,23.503,
kehilangan-langkah,J2,open,1280,23.644,
kehilangan-langkah,J2,open,1300,23.606,
kehilangan-langkah,J2,open,1320,23.557,
kehilangan-langkah,J2,open,1340,23.622,
kehilangan-langkah,J2,open,1360,23.618,
kehilangan-langkah,J2,open,1380,23.640,
kehilangan-langkah,J2,open,1400,23.516,
kehilangan-langkah,J2,open,1420,23.594,
kehilangan-langkah,J2,open,1440,23.611,
kehilangan-langkah,J2,open,1460,23.593,
kehilangan-langkah,J2,open,1480,23.638,
kehilangan-langkah,J2,open,1500,23.571,
kehilangan-langkah,J2,open,1520,23.599,
kehilangan-langkah,J2,open,1540,23.583,
kehilangan-langkah,J2,open,1560,23.672,
kehilangan-langkah,J2,open,1580,23.535,
kehilangan-langkah,J2,open,1600,23.573,
kehilangan-langkah,J2,open,1620,23.626,
kehilangan-langkah,J2,open,1640,23.611,
kehilangan-langkah,J2,open,1660,23.630,
kehilangan-langkah,J2,open,1680,23.550,
kehilangan-langkah,J2,open,1700,23.643,
kehilangan-langkah,J2,open,1720,23.663,
kehilangan-langkah,J2,open,1740,23.578,
kehilangan-langkah,J2,open,1760,23.636,
kehilangan-langkah,J2,open,1780,23.667,
kehilangan-langkah,J2,open,1800,23.451,
kehilangan-langkah,J2,open,1820,23.622,
kehilangan-langkah,J2,open,1840,23.650,
kehilangan-langkah,J2,open,1860,23.580,
kehilangan-langkah,J2,open,1880,23.567,
kehilangan-langkah,J2,open,1900,23.574,
kehilangan-langkah,J2,open,1920,23.595,
kehilangan-langkah,J2,open,1940,23.542,
kehilangan-langkah,J2,open,1960,23.601,
kehilangan-langkah,J2,open,1980,23.641,
kehilangan-langkah,J2,open,2000,23.606,
kehilangan-langkah,J2,open,2020,23.633,
kehilangan-langkah,J2,open,2040,23.608,
kehilangan-langkah,J2,open,2060,23.555,
kehilangan-langkah,J2,open,2080,23.606,
kehilangan-langkah,J2,open,2100,23.562,
kehilangan-langkah,J2,open,2120,23.598,
kehilangan-langkah,J2,open,2140,23.541,
kehilangan-langkah,J2,open,2160,23.673,
kehilangan-langkah,J2,open,2180,23.547,
kehilangan-langkah,J2,open,2200,23.500,
kehilangan-langkah,J2,open,2220,23.618,
kehilangan-langkah,J2,open,2240,23.629,
kehilangan-langkah,J2,open,2260,23.600,
kehilangan-langkah,J2,open,2280,23.580,
kehilangan-langkah,J2,open,2300,23.618,
kehilangan-langkah,J2,open,2320,23.550,
kehilangan-langkah,J2,open,2340,23.582,
kehilangan-langkah,J2,open,2360,23.550,
kehilangan-langkah,J2,open,2380,23.587,
kehilangan-langkah,J2,open,2400,23.555,
kehilangan-langkah,J2,open,2420,23.617,
kehilangan-langkah,J2,open,2440,23.533,
kehilangan-langkah,J2,open,2460,23.574,
kehilangan-langkah,J2,open,2480,23.619,
kehilangan-langkah,J2,open,2500,23.541,
kehilangan-langkah,J2,open,2520,23.620,
kehilangan-langkah,J2,open,2540,23.613,
kehilangan-langkah,J2,open,2560,23.628,
kehilangan-langkah,J2,open,2580,23.607,
kehilangan-langkah,J2,open,2600,23.609,
kehilangan-langkah,J2,open,2620,23.628,
kehilangan-langkah,J2,open,2640,23.593,
kehilangan-langkah,J2,open,2660,23.584,
kehilangan-langkah,J2,open,2680,23.611,
kehilangan-langkah,J2,open,2700,23.638,
kehilangan-langkah,J2,open,2720,23.636,
kehilangan-langkah,J2,open,2740,23.646,
kehilangan-langkah,J2,open,2760,23.633,
kehilangan-langkah,J2,open,2780,23.584,
kehilangan-langkah,J2,closed,0,29.921,
kehilangan-langkah,J2,closed,20,30.011,
kehilangan-langkah,J2,closed,40,29.958,
kehilangan-langkah,J2,closed,60,30.046,
kehilangan-langkah,J2,closed,80,30.101,
kehilangan-langkah,J2,closed,100,29.959,
kehilangan-langkah,J2,closed,120,30.014,
kehilangan-langkah,J2,closed,140,29.983,
kehilangan-langkah,J2,closed,160,30.015,
kehilangan-langkah,J2,closed,180,30.015,
kehilangan-langkah,J2,closed,200,30.006,
kehilangan-langkah,J2,closed,220,30.040,
kehilangan-langkah,J2,closed,240,29.978,
kehilangan-langkah,J2,closed,260,29.979,
kehilangan-langkah,J2,closed,280,30.057,
kehilangan-langkah,J2,closed,300,29.991,
kehilangan-langkah,J2,closed,320,30.017,
kehilangan-langkah,J2,closed,340,29.985,
kehilangan-langkah,J2,closed,360,29.944,
kehilangan-langkah,J2,closed,380,29.946,
kehilangan-langkah,J2,closed,400,30.004,
kehilangan-langkah,J2,closed,420,29.990,
kehilangan-langkah,J2,closed,440,29.994,
kehilangan-langkah,J2,closed,460,29.990,
kehilangan-langkah,J2,closed,480,29.974,
kehilangan-langkah,J2,closed,500,29.985,
kehilangan-langkah,J2,closed,520,29.943,
kehilangan-langkah,J2,closed,540,29.972,
kehilangan-langkah,J2,closed,560,30.054,
kehilangan-langkah,J2,closed,580,30.044,
kehilangan-langkah,J2,closed,600,29.972,
kehilangan-langkah,J2,closed,620,29.996,
kehilangan-langkah,J2,closed,640,30.019,
kehilangan-langkah,J2,closed,660,29.999,
kehilangan-langkah,J2,closed,680,30.029,
kehilangan-langkah,J2,closed,700,30.033,
kehilangan-langkah,J2,closed,720,30.010,
kehilangan-langkah,J2,closed,740,29.999,
kehilangan-langkah,J2,closed,760,30.058,
kehilangan-langkah,J2,closed,780,30.011,
kehilangan-langkah,J2,closed,800,23.587,gangguan: arus driver diturunkan sementara
kehilangan-langkah,J2,closed,820,23.586,
kehilangan-langkah,J2,closed,840,23.601,
kehilangan-langkah,J2,closed,860,23.575,
kehilangan-langkah,J2,closed,880,23.634,
kehilangan-langkah,J2,closed,900,23.594,
kehilangan-langkah,J2,closed,920,27.422,
kehilangan-langkah,J2,closed,940,27.378,
kehilangan-langkah,J2,closed,960,27.422,
kehilangan-langkah,J2,closed,980,27.453,
kehilangan-langkah,J2,closed,1000,27.454,
kehilangan-langkah,J2,closed,1020,27.497,
kehilangan-langkah,J2,closed,1040,28.999,
kehilangan-langkah,J2,closed,1060,29.053,
kehilangan-langkah,J2,closed,1080,28.903,
kehilangan-langkah,J2,closed,1100,28.947,
kehilangan-langkah,J2,closed,1120,28.995,
kehilangan-langkah,J2,closed,1140,29.025,
kehilangan-langkah,J2,closed,1160,29.593,
kehilangan-langkah,J2,closed,1180,29.580,
kehilangan-langkah,J2,closed,1200,29.597,
kehilangan-langkah,J2,closed,1220,29.558,
kehilangan-langkah,J2,closed,1240,29.562,
kehilangan-langkah,J2,closed,1260,29.696,
kehilangan-langkah,J2,closed,1280,29.757,
kehilangan-langkah,J2,closed,1300,29.901,
kehilangan-langkah,J2,closed,1320,29.869,
kehilangan-langkah,J2,closed,1340,29.839,
kehilangan-langkah,J2,closed,1360,29.835,
kehilangan-langkah,J2,closed,1380,29.816,
kehilangan-langkah,J2,closed,1400,29.850,
kehilangan-langkah,J2,closed,1420,29.851,
kehilangan-langkah,J2,closed,1440,29.864,
kehilangan-langkah,J2,closed,1460,29.900,
kehilangan-langkah,J2,closed,1480,29.819,
kehilangan-langkah,J2,closed,1500,29.762,
kehilangan-langkah,J2,closed,1520,29.756,
kehilangan-langkah,J2,closed,1540,29.801,
kehilangan-langkah,J2,closed,1560,29.865,
kehilangan-langkah,J2,closed,1580,29.741,
kehilangan-langkah,J2,closed,1600,29.861,
kehilangan-langkah,J2,closed,1620,29.810,
kehilangan-langkah,J2,closed,1640,29.892,
kehilangan-langkah,J2,closed,1660,29.780,
kehilangan-langkah,J2,closed,1680,29.788,
kehilangan-langkah,J2,closed,1700,29.772,
kehilangan-langkah,J2,closed,1720,29.782,
kehilangan-langkah,J2,closed,1740,29.795,
kehilangan-langkah,J2,closed,1760,29.832,
kehilangan-langkah,J2,closed,1780,29.872,
kehilangan-langkah,J2,closed,1800,29.826,
kehilangan-langkah,J2,closed,1820,29.920,
kehilangan-langkah,J2,closed,1840,29.794,
kehilangan-langkah,J2,closed,1860,29.820,
kehilangan-langkah,J2,closed,1880,29.795,
kehilangan-langkah,J2,closed,1900,29.853,
kehilangan-langkah,J2,closed,1920,29.818,
kehilangan-langkah,J2,closed,1940,29.846,
kehilangan-langkah,J2,closed,1960,29.727,
kehilangan-langkah,J2,closed,1980,29.760,
kehilangan-langkah,J2,closed,2000,29.767,
kehilangan-langkah,J2,closed,2020,29.792,
kehilangan-langkah,J2,closed,2040,29.807,
kehilangan-langkah,J2,closed,2060,29.811,
kehilangan-langkah,J2,closed,2080,29.891,
kehilangan-langkah,J2,closed,2100,29.786,
kehilangan-langkah,J2,closed,2120,29.758,
kehilangan-langkah,J2,closed,2140,29.808,
kehilangan-langkah,J2,closed,2160,29.855,
kehilangan-langkah,J2,closed,2180,29.896,
kehilangan-langkah,J2,closed,2200,29.789,
kehilangan-langkah,J2,closed,2220,29.816,
kehilangan-langkah,J2,closed,2240,29.778,
kehilangan-langkah,J2,closed,2260,29.774,
kehilangan-langkah,J2,closed,2280,29.822,
kehilangan-langkah,J2,closed,2300,29.831,
kehilangan-langkah,J2,closed,2320,29.851,
kehilangan-langkah,J2,closed,2340,29.852,
kehilangan-langkah,J2,closed,2360,29.797,
kehilangan-langkah,J2,closed,2380,29.828,
kehilangan-langkah,J2,closed,2400,29.798,
kehilangan-langkah,J2,closed,2420,29.824,
kehilangan-langkah,J2,closed,2440,29.872,
kehilangan-langkah,J2,closed,2460,29.729,
kehilangan-langkah,J2,closed,2480,29.728,
kehilangan-langkah,J2,closed,2500,29.847,
kehilangan-langkah,J2,closed,2520,29.908,
kehilangan-langkah,J2,closed,2540,29.892,
kehilangan-langkah,J2,closed,2560,29.819,
kehilangan-langkah,J2,closed,2580,29.831,
kehilangan-langkah,J2,closed,2600,29.820,
kehilangan-langkah,J2,closed,2620,29.812,
kehilangan-langkah,J2,closed,2640,29.833,
kehilangan-langkah,J2,closed,2660,29.781,
kehilangan-langkah,J2,closed,2680,29.786,
kehilangan-langkah,J2,closed,2700,29.875,
kehilangan-langkah,J2,closed,2720,29.875,
kehilangan-langkah,J2,closed,2740,29.861,
kehilangan-langkah,J2,closed,2760,29.849,
kehilangan-langkah,J2,closed,2780,29.801,
kehilangan-langkah,J3,open,0,-30.009,
kehilangan-langkah,J3,open,20,-29.991,
kehilangan-langkah,J3,open,40,-29.946,
kehilangan-langkah,J3,open,60,-30.005,
kehilangan-langkah,J3,open,80,-29.973,
kehilangan-langkah,J3,open,100,-29.998,
kehilangan-langkah,J3,open,120,-30.026,
kehilangan-langkah,J3,open,140,-29.982,
kehilangan-langkah,J3,open,160,-30.031,
kehilangan-langkah,J3,open,180,-30.025,
kehilangan-langkah,J3,open,200,-30.015,
kehilangan-langkah,J3,open,220,-29.947,
kehilangan-langkah,J3,open,240,-29.897,
kehilangan-langkah,J3,open,260,-30.080,
kehilangan-langkah,J3,open,280,-30.027,
kehilangan-langkah,J3,open,300,-29.984,
kehilangan-langkah,J3,open,320,-29.943,
kehilangan-langkah,J3,open,340,-29.987,
kehilangan-langkah,J3,open,360,-29.962,
kehilangan-langkah,J3,open,380,-30.014,
kehilangan-langkah,J3,open,400,-29.992,
kehilangan-langkah,J3,open,420,-30.056,
kehilangan-langkah,J3,open,440,-30.007,
kehilangan-langkah,J3,open,460,-30.028,
kehilangan-langkah,J3,open,480,-30.031,
kehilangan-langkah,J3,open,500,-30.026,
kehilangan-langkah,J3,open,520,-29.994,
kehilangan-langkah,J3,open,540,-30.080,
kehilangan-langkah,J3,open,560,-30.024,
kehilangan-langkah,J3,open,580,-29.940,
kehilangan-langkah,J3,open,600,-30.019,
kehilangan-langkah,J3,open,620,-30.051,
kehilangan-langkah,J3,open,640,-29.963,
kehilangan-langkah,J3,open,660,-29.993,
kehilangan-langkah,J3,open,680,-30.057,
kehilangan-langkah,J3,open,700,-29.998,
kehilangan-langkah,J3,open,720,-29.989,
kehilangan-langkah,J3,open,740,-30.005,
kehilangan-langkah,J3,open,760,-29.981,
kehilangan-langkah,J3,open,780,-30.019,
kehilangan-langkah,J3,open,800,-35.155,gangguan: arus driver diturunkan sementara
kehilangan-langkah,J3,open,820,-35.067,
kehilangan-langkah,J3,open,840,-35.104,
kehilangan-langkah,J3,open,860,-35.079,
kehilangan-langkah,J3,open,880,-35.111,
kehilangan-langkah,J3,open,900,-35.071,
kehilangan-langkah,J3,open,920,-35.128,
kehilangan-langkah,J3,open,940,-35.142,
kehilangan-langkah,J3,open,960,-35.082,
kehilangan-langkah,J3,open,980,-35.104,
kehilangan-langkah,J3,open,1000,-35.075,
kehilangan-langkah,J3,open,1020,-35.098,
kehilangan-langkah,J3,open,1040,-35.108,
kehilangan-langkah,J3,open,1060,-35.180,
kehilangan-langkah,J3,open,1080,-35.085,
kehilangan-langkah,J3,open,1100,-35.027,
kehilangan-langkah,J3,open,1120,-35.117,
kehilangan-langkah,J3,open,1140,-35.133,
kehilangan-langkah,J3,open,1160,-35.087,
kehilangan-langkah,J3,open,1180,-35.164,
kehilangan-langkah,J3,open,1200,-35.125,
kehilangan-langkah,J3,open,1220,-35.037,
kehilangan-langkah,J3,open,1240,-35.083,
kehilangan-langkah,J3,open,1260,-35.159,
kehilangan-langkah,J3,open,1280,-35.087,
kehilangan-langkah,J3,open,1300,-35.063,
kehilangan-langkah,J3,open,1320,-35.069,
kehilangan-langkah,J3,open,1340,-35.097,
kehilangan-langkah,J3,open,1360,-35.156,
kehilangan-langkah,J3,open,1380,-35.034,
kehilangan-langkah,J3,open,1400,-35.147,
kehilangan-langkah,J3,open,1420,-35.109,
kehilangan-langkah,J3,open,1440,-35.074,
kehilangan-langkah,J3,open,1460,-35.090,
kehilangan-langkah,J3,open,1480,-35.087,
kehilangan-langkah,J3,open,1500,-35.135,
kehilangan-langkah,J3,open,1520,-35.089,
kehilangan-langkah,J3,open,1540,-35.094,
kehilangan-langkah,J3,open,1560,-35.102,
kehilangan-langkah,J3,open,1580,-35.057,
kehilangan-langkah,J3,open,1600,-35.095,
kehilangan-langkah,J3,open,1620,-35.052,
kehilangan-langkah,J3,open,1640,-35.085,
kehilangan-langkah,J3,open,1660,-35.066,
kehilangan-langkah,J3,open,1680,-35.096,
kehilangan-langkah,J3,open,1700,-35.109,
kehilangan-langkah,J3,open,1720,-35.089,
kehilangan-langkah,J3,open,1740,-35.150,
kehilangan-langkah,J3,open,1760,-35.152,
kehilangan-langkah,J3,open,1780,-35.017,
kehilangan-langkah,J3,open,1800,-35.135,
kehilangan-langkah,J3,open,1820,-35.130,
kehilangan-langkah,J3,open,1840,-35.063,
kehilangan-langkah,J3,open,1860,-35.074,
kehilangan-langkah,J3,open,1880,-35.122,
kehilangan-langkah,J3,open,1900,-35.059,
kehilangan-langkah,J3,open,1920,-35.044,
kehilangan-langkah,J3,open,1940,-35.142,
kehilangan-langkah,J3,open,1960,-35.088,
kehilangan-langkah,J3,open,1980,-35.075,
kehilangan-langkah,J3,open,2000,-35.067,
kehilangan-langkah,J3,open,2020,-35.058,
kehilangan-langkah,J3,open,2040,-35.092,
kehilangan-langkah,J3,open,2060,-35.121,
kehilangan-langkah,J3,open,2080,-35.125,
kehilangan-langkah,J3,open,2100,-35.129,
kehilangan-langkah,J3,open,2120,-35.046,
kehilangan-langkah,J3,open,2140,-35.065,
kehilangan-langkah,J3,open,2160,-35.135,
kehilangan-langkah,J3,open,2180,-35.143,
kehilangan-langkah,J3,open,2200,-35.078,
kehilangan-langkah,J3,open,2220,-35.112,
kehilangan-langkah,J3,open,2240,-35.077,
kehilangan-langkah,J3,open,2260,-35.089,
kehilangan-langkah,J3,open,2280,-35.088,
kehilangan-langkah,J3,open,2300,-35.085,
kehilangan-langkah,J3,open,2320,-35.107,
kehilangan-langkah,J3,open,2340,-35.081,
kehilangan-langkah,J3,open,2360,-35.102,
kehilangan-langkah,J3,open,2380,-35.090,
kehilangan-langkah,J3,open,2400,-35.108,
kehilangan-langkah,J3,open,2420,-35.124,
kehilangan-langkah,J3,open,2440,-35.107,
kehilangan-langkah,J3,open,2460,-35.061,
kehilangan-langkah,J3,open,2480,-35.115,
kehilangan-langkah,J3,open,2500,-35.105,
kehilangan-langkah,J3,open,2520,-35.035,
kehilangan-langkah,J3,open,2540,-35.019,
kehilangan-langkah,J3,open,2560,-35.182,
kehilangan-langkah,J3,open,2580,-35.177,
kehilangan-langkah,J3,open,2600,-35.104,
kehilangan-langkah,J3,open,2620,-35.053,
kehilangan-langkah,J3,open,2640,-35.146,
kehilangan-langkah,J3,open,2660,-35.122,
kehilangan-langkah,J3,open,2680,-35.081,
kehilangan-langkah,J3,open,2700,-35.081,
kehilangan-langkah,J3,open,2720,-35.013,
kehilangan-langkah,J3,open,2740,-35.105,
kehilangan-langkah,J3,open,2760,-35.065,
kehilangan-langkah,J3,open,2780,-35.038,
kehilangan-langkah,J3,closed,0,-30.003,
kehilangan-langkah,J3,closed,20,-29.941,
kehilangan-langkah,J3,closed,40,-30.016,
kehilangan-langkah,J3,closed,60,-30.023,
kehilangan-langkah,J3,closed,80,-29.959,
kehilangan-langkah,J3,closed,100,-29.969,
kehilangan-langkah,J3,closed,120,-29.930,
kehilangan-langkah,J3,closed,140,-29.997,
kehilangan-langkah,J3,closed,160,-29.947,
kehilangan-langkah,J3,closed,180,-30.022,
kehilangan-langkah,J3,closed,200,-30.036,
kehilangan-langkah,J3,closed,220,-30.040,
kehilangan-langkah,J3,closed,240,-30.035,
kehilangan-langkah,J3,closed,260,-30.026,
kehilangan-langkah,J3,closed,280,-30.020,
kehilangan-langkah,J3,closed,300,-30.015,
kehilangan-langkah,J3,closed,320,-30.002,
kehilangan-langkah,J3,closed,340,-30.047,
kehilangan-langkah,J3,closed,360,-30.007,
kehilangan-langkah,J3,closed,380,-30.012,
kehilangan-langkah,J3,closed,400,-30.081,
kehilangan-langkah,J3,closed,420,-30.022,
kehilangan-langkah,J3,closed,440,-30.039,
kehilangan-langkah,J3,closed,460,-30.034,
kehilangan-langkah,J3,closed,480,-29.994,
kehilangan-langkah,J3,closed,500,-30.020,
kehilangan-langkah,J3,closed,520,-29.979,
kehilangan-langkah,J3,closed,540,-30.052,
kehilangan-langkah,J3,closed,560,-30.001,
kehilangan-langkah,J3,closed,580,-30.074,
kehilangan-langkah,J3,closed,600,-29.999,
kehilangan-langkah,J3,closed,620,-30.040,
kehilangan-langkah,J3,closed,640,-29.989,
kehilangan-langkah,J3,closed,660,-30.017,
kehilangan-langkah,J3,closed,680,-30.020,
kehilangan-langkah,J3,closed,700,-29.979,
kehilangan-langkah,J3,closed,720,-30.062,
kehilangan-langkah,J3,closed,740,-29.969,
kehilangan-langkah,J3,closed,760,-29.993,
kehilangan-langkah,J3,closed,780,-29.989,
kehilangan-langkah,J3,closed,800,-35.029,gangguan: arus driver diturunkan sementara
kehilangan-langkah,J3,closed,820,-35.049,
kehilangan-langkah,J3,closed,840,-35.155,
kehilangan-langkah,J3,closed,860,-35.040,
kehilangan-langkah,J3,closed,880,-35.123,
kehilangan-langkah,J3,closed,900,-34.995,
kehilangan-langkah,J3,closed,920,-32.023,
kehilangan-langkah,J3,closed,940,-32.036,
kehilangan-langkah,J3,closed,960,-32.011,
kehilangan-langkah,J3,closed,980,-31.965,
kehilangan-langkah,J3,closed,1000,-31.986,
kehilangan-langkah,J3,closed,1020,-31.968,
kehilangan-langkah,J3,closed,1040,-30.836,
kehilangan-langkah,J3,closed,1060,-30.748,
kehilangan-langkah,J3,closed,1080,-30.757,
kehilangan-langkah,J3,closed,1100,-30.771,
kehilangan-langkah,J3,closed,1120,-30.881,
kehilangan-langkah,J3,closed,1140,-30.804,
kehilangan-langkah,J3,closed,1160,-30.300,
kehilangan-langkah,J3,closed,1180,-30.343,
kehilangan-langkah,J3,closed,1200,-30.331,
kehilangan-langkah,J3,closed,1220,-30.343,
kehilangan-langkah,J3,closed,1240,-30.360,
kehilangan-langkah,J3,closed,1260,-30.358,
kehilangan-langkah,J3,closed,1280,-30.104,
kehilangan-langkah,J3,closed,1300,-30.130,
kehilangan-langkah,J3,closed,1320,-30.083,
kehilangan-langkah,J3,closed,1340,-30.141,
kehilangan-langkah,J3,closed,1360,-30.160,
kehilangan-langkah,J3,closed,1380,-30.154,
kehilangan-langkah,J3,closed,1400,-30.062,
kehilangan-langkah,J3,closed,1420,-30.148,
kehilangan-langkah,J3,closed,1440,-30.105,
kehilangan-langkah,J3,closed,1460,-30.106,
kehilangan-langkah,J3,closed,1480,-30.115,
kehilangan-langkah,J3,closed,1500,-30.103,
kehilangan-langkah,J3,closed,1520,-30.165,
kehilangan-langkah,J3,closed,1540,-30.134,
kehilangan-langkah,J3,closed,1560,-30.121,
kehilangan-langkah,J3,closed,1580,-30.111,
kehilangan-langkah,J3,closed,1600,-30.147,
kehilangan-langkah,J3,closed,1620,-30.191,
kehilangan-langkah,J3,closed,1640,-30.081,
kehilangan-langkah,J3,closed,1660,-30.074,
kehilangan-langkah,J3,closed,1680,-30.130,
kehilangan-langkah,J3,closed,1700,-30.151,
kehilangan-langkah,J3,closed,1720,-30.204,
kehilangan-langkah,J3,closed,1740,-30.167,
kehilangan-langkah,J3,closed,1760,-30.109,
kehilangan-langkah,J3,closed,1780,-30.115,
kehilangan-langkah,J3,closed,1800,-30.088,
kehilangan-langkah,J3,closed,1820,-30.131,
kehilangan-langkah,J3,closed,1840,-30.102,
kehilangan-langkah,J3,closed,1860,-30.191,
kehilangan-langkah,J3,closed,1880,-30.175,
kehilangan-langkah,J3,closed,1900,-30.160,
kehilangan-langkah,J3,closed,1920,-30.078,
kehilangan-langkah,J3,closed,1940,-30.120,
kehilangan-langkah,J3,closed,1960,-30.101,
kehilangan-langkah,J3,closed,1980,-30.173,
kehilangan-langkah,J3,closed,2000,-30.113,
kehilangan-langkah,J3,closed,2020,-30.142,
kehilangan-langkah,J3,closed,2040,-30.064,
kehilangan-langkah,J3,closed,2060,-30.124,
kehilangan-langkah,J3,closed,2080,-30.094,
kehilangan-langkah,J3,closed,2100,-30.074,
kehilangan-langkah,J3,closed,2120,-30.143,
kehilangan-langkah,J3,closed,2140,-30.130,
kehilangan-langkah,J3,closed,2160,-30.176,
kehilangan-langkah,J3,closed,2180,-30.147,
kehilangan-langkah,J3,closed,2200,-30.096,
kehilangan-langkah,J3,closed,2220,-30.196,
kehilangan-langkah,J3,closed,2240,-30.064,
kehilangan-langkah,J3,closed,2260,-30.146,
kehilangan-langkah,J3,closed,2280,-30.099,
kehilangan-langkah,J3,closed,2300,-30.124,
kehilangan-langkah,J3,closed,2320,-30.098,
kehilangan-langkah,J3,closed,2340,-30.157,
kehilangan-langkah,J3,closed,2360,-30.130,
kehilangan-langkah,J3,closed,2380,-30.122,
kehilangan-langkah,J3,closed,2400,-30.070,
kehilangan-langkah,J3,closed,2420,-30.141,
kehilangan-langkah,J3,closed,2440,-30.155,
kehilangan-langkah,J3,closed,2460,-30.146,
kehilangan-langkah,J3,closed,2480,-30.092,
kehilangan-langkah,J3,closed,2500,-30.183,
kehilangan-langkah,J3,closed,2520,-30.106,
kehilangan-langkah,J3,closed,2540,-30.121,
kehilangan-langkah,J3,closed,2560,-30.165,
kehilangan-langkah,J3,closed,2580,-30.157,
kehilangan-langkah,J3,closed,2600,-30.126,
kehilangan-langkah,J3,closed,2620,-30.109,
kehilangan-langkah,J3,closed,2640,-30.166,
kehilangan-langkah,J3,closed,2660,-30.167,
kehilangan-langkah,J3,closed,2680,-30.162,
kehilangan-langkah,J3,closed,2700,-30.099,
kehilangan-langkah,J3,closed,2720,-30.203,
kehilangan-langkah,J3,closed,2740,-30.044,
kehilangan-langkah,J3,closed,2760,-30.118,
kehilangan-langkah,J3,closed,2780,-30.154,
