joint,model,rms_ma,torque_scale,delivered_nm,required_nm,margin
J1,A,400,0.3328,0.9097,3.0000,0.3032
J1,B,400,0.2353,0.6432,3.0000,0.2144
J1,A,500,0.4159,1.1371,3.0000,0.3790
J1,B,500,0.2941,0.8040,3.0000,0.2680
J1,A,600,0.4991,1.3645,3.0000,0.4548
J1,B,600,0.3529,0.9649,3.0000,0.3216
J1,A,700,0.5823,1.5919,3.0000,0.5306
J1,B,700,0.4118,1.1257,3.0000,0.3752
J1,A,800,0.6655,1.8193,3.0000,0.6064
J1,B,800,0.4706,1.2865,3.0000,0.4288
J1,A,900,0.7487,2.0468,3.0000,0.6823
J1,B,900,0.5294,1.4473,3.0000,0.4824
J1,A,1000,0.8319,2.2742,3.0000,0.7581
J1,B,1000,0.5882,1.6081,3.0000,0.5360
J1,A,1100,0.9151,2.5016,3.0000,0.8339
J1,B,1100,0.6471,1.7689,3.0000,0.5896
J1,A,1200,0.9983,2.7290,3.0000,0.9097
J1,B,1200,0.7059,1.9297,3.0000,0.6432
J1,A,1300,1.0000,2.7338,3.0000,0.9113
J1,B,1300,0.7647,2.0905,3.0000,0.6968
J1,A,1400,1.0000,2.7338,3.0000,0.9113
J1,B,1400,0.8235,2.2513,3.0000,0.7504
J1,A,1500,1.0000,2.7338,3.0000,0.9113
J1,B,1500,0.8824,2.4121,3.0000,0.8040
J1,A,1600,1.0000,2.7338,3.0000,0.9113
J1,B,1600,0.9412,2.5729,3.0000,0.8576
J1,A,1700,1.0000,2.7338,3.0000,0.9113
J1,B,1700,1.0000,2.7338,3.0000,0.9113
J1,A,1800,1.0000,2.7338,3.0000,0.9113
J1,B,1800,1.0000,2.7338,3.0000,0.9113
J2,A,400,0.2828,2.2274,11.9819,0.1859
J2,B,400,0.2000,1.5750,11.9819,0.1314
J2,A,500,0.3536,2.7842,11.9819,0.2324
J2,B,500,0.2500,1.9688,11.9819,0.1643
J2,A,600,0.4243,3.3411,11.9819,0.2788
J2,B,600,0.3000,2.3625,11.9819,0.1972
J2,A,700,0.4950,3.8979,11.9819,0.3253
J2,B,700,0.3500,2.7562,11.9819,0.2300
J2,A,800,0.5657,4.4548,11.9819,0.3718
J2,B,800,0.4000,3.1500,11.9819,0.2629
J2,A,900,0.6364,5.0116,11.9819,0.4183
J2,B,900,0.4500,3.5437,11.9819,0.2958
J2,A,1000,0.7071,5.5685,11.9819,0.4647
J2,B,1000,0.5000,3.9375,11.9819,0.3286
J2,A,1100,0.7778,6.1253,11.9819,0.5112
J2,B,1100,0.5500,4.3313,11.9819,0.3615
J2,A,1200,0.8485,6.6822,11.9819,0.5577
J2,B,1200,0.6000,4.7250,11.9819,0.3943
J2,A,1300,0.9192,7.2390,11.9819,0.6042
J2,B,1300,0.6500,5.1187,11.9819,0.4272
J2,A,1400,0.9899,7.7959,11.9819,0.6506
J2,B,1400,0.7000,5.5125,11.9819,0.4601
J2,A,1500,1.0000,7.8750,11.9819,0.6572
J2,B,1500,0.7500,5.9062,11.9819,0.4929
J2,A,1600,1.0000,7.8750,11.9819,0.6572
J2,B,1600,0.8000,6.3000,11.9819,0.5258
J2,A,1700,1.0000,7.8750,11.9819,0.6572
J2,B,1700,0.8500,6.6937,11.9819,0.5587
J2,A,1800,1.0000,7.8750,11.9819,0.6572
J2,B,1800,0.9000,7.0875,11.9819,0.5915
J3,A,400,0.3328,1.5161,3.4537,0.4390
J3,B,400,0.2353,1.0721,3.4537,0.3104
J3,A,500,0.4159,1.8952,3.4537,0.5487
J3,B,500,0.2941,1.3401,3.4537,0.3880
J3,A,600,0.4991,2.2742,3.4537,0.6585
J3,B,600,0.3529,1.6081,3.4537,0.4656
J3,A,700,0.5823,2.6532,3.4537,0.7682
J3,B,700,0.4118,1.8761,3.4537,0.5432
J3,A,800,0.6655,3.0322,3.4537,0.8780
J3,B,800,0.4706,2.1441,3.4537,0.6208
J3,A,900,0.7487,3.4113,3.4537,0.9877
J3,B,900,0.5294,2.4121,3.4537,0.6984
J3,A,1000,0.8319,3.7903,3.4537,1.0975
J3,B,1000,0.5882,2.6801,3.4537,0.7760
J3,A,1100,0.9151,4.1693,3.4537,1.2072
J3,B,1100,0.6471,2.9482,3.4537,0.8536
J3,A,1200,0.9983,4.5484,3.4537,1.3170
J3,B,1200,0.7059,3.2162,3.4537,0.9312
J3,A,1300,1.0000,4.5563,3.4537,1.3192
J3,B,1300,0.7647,3.4842,3.4537,1.0088
J3,A,1400,1.0000,4.5563,3.4537,1.3192
J3,B,1400,0.8235,3.7522,3.4537,1.0864
J3,A,1500,1.0000,4.5563,3.4537,1.3192
J3,B,1500,0.8824,4.0202,3.4537,1.1640
J3,A,1600,1.0000,4.5563,3.4537,1.3192
J3,B,1600,0.9412,4.2882,3.4537,1.2416
J3,A,1700,1.0000,4.5563,3.4537,1.3192
J3,B,1700,1.0000,4.5563,3.4537,1.3192
J3,A,1800,1.0000,4.5563,3.4537,1.3192
J3,B,1800,1.0000,4.5563,3.4537,1.3192
J4,A,400,0.3328,0.8423,1.0000,0.8423
J4,B,400,0.2353,0.5956,1.0000,0.5956
J4,A,500,0.4159,1.0529,1.0000,1.0529
J4,B,500,0.2941,0.7445,1.0000,0.7445
J4,A,600,0.4991,1.2634,1.0000,1.2634
J4,B,600,0.3529,0.8934,1.0000,0.8934
J4,A,700,0.5823,1.4740,1.0000,1.4740
J4,B,700,0.4118,1.0423,1.0000,1.0423
J4,A,800,0.6655,1.6846,1.0000,1.6846
J4,B,800,0.4706,1.1912,1.0000,1.1912
J4,A,900,0.7487,1.8952,1.0000,1.8952
J4,B,900,0.5294,1.3401,1.0000,1.3401
J4,A,1000,0.8319,2.1057,1.0000,2.1057
J4,B,1000,0.5882,1.4890,1.0000,1.4890
J4,A,1100,0.9151,2.3163,1.0000,2.3163
J4,B,1100,0.6471,1.6379,1.0000,1.6379
J4,A,1200,0.9983,2.5269,1.0000,2.5269
J4,B,1200,0.7059,1.7868,1.0000,1.7868
J4,A,1300,1.0000,2.5312,1.0000,2.5312
J4,B,1300,0.7647,1.9357,1.0000,1.9357
J4,A,1400,1.0000,2.5312,1.0000,2.5312
J4,B,1400,0.8235,2.0846,1.0000,2.0846
J4,A,1500,1.0000,2.5312,1.0000,2.5312
J4,B,1500,0.8824,2.2335,1.0000,2.2335
J4,A,1600,1.0000,2.5312,1.0000,2.5312
J4,B,1600,0.9412,2.3824,1.0000,2.3824
J4,A,1700,1.0000,2.5312,1.0000,2.5312
J4,B,1700,1.0000,2.5312,1.0000,2.5312
J4,A,1800,1.0000,2.5312,1.0000,2.5312
J4,B,1800,1.0000,2.5312,1.0000,2.5312
