sesi,servo,mv,sd_mv,us,sat
2026-08-10T05:52,J5,1648.914,2.872,1500,True
2026-08-10T05:52,J6,1665.168,0.067,1500,True
2026-08-10T05:52,GRIP,1591.906,0.104,1500,True
2026-08-10T05:53,J5,1648.035,0.141,1500,True
2026-08-10T05:53,J6,1664.906,0.062,1500,True
2026-08-10T05:53,GRIP,1591.277,0.068,1500,True
2026-08-10T08:18,J5,1657.023,0.145,1500,True
2026-08-10T08:18,J6,1666.152,0.068,1500,True
2026-08-10T08:18,GRIP,1605.465,0.205,1500,False
2026-08-11T20:21,J5,4.125,0.457,1420,True
2026-08-11T20:21,J6,1.492,0.263,755,False
2026-08-11T20:21,GRIP,15.551,1.576,1500,False
