sesi,servo,uji,dari_us,ke_us,busur_deg_asumsi,n_sampel,span_mv,t10_ms,t50_ms,t90_ms,rise_ms,settle_ms,overshoot_pct,laju_1090_mv_per_ms,laju_maks_mv_per_ms,deg_per_s_1090,deg_per_s_maks,s_per_60deg
2026-08-10T05:51,J5,penuh_naik,500,2500,180.0,845,2756.0792159763314,119.5,396.7,638.0,518.5,685.6,2.368701292954035,4.252388375662614,6.2042025862068995,277.72420443587276,405.1975208272941,0.21604166666666663
2026-08-10T05:51,J5,penuh_turun,2500,500,180.0,845,-2748.7897506339814,132.2,400.2,639.2,507.00000000000006,719.2,0.6149290430443871,4.337340829402732,4.84374999999999,284.0236686390532,317.1850447270144,0.21125000000000005
2026-08-10T05:51,J5,setengah_naik,1500,2000,45.0,845,704.4951711749789,18.599999999999994,136.9,192.60000000000002,174.00000000000003,262.2,10.21493976692931,3.2390582582757648,6.473599137931034,206.89655172413794,413.5045535103348,0.29
2026-08-10T05:51,J5,setengah_turun,1500,1000,45.0,845,-671.1378698224853,76.6,139.2,205.3,128.70000000000002,251.7,0.08375777955480715,4.171797170613739,5.207435344827585,279.72027972027973,349.1601369167596,0.2145
2026-08-10T05:51,J5,60deg_naik,1500,2167,60.03,845,926.459668216399,16.200000000000003,163.6,237.8,221.60000000000002,335.2,6.961906985028516,3.344619740853426,6.7914870689655125,216.71480144404333,440.05474035894275,0.2768615692153923
2026-08-10T05:51,J5,60deg_turun,1500,833,60.03,845,-920.6532333051564,80.0,165.9,254.0,174.0,307.4,0.050854681147581016,4.232888428989225,5.258620689655175,276.0,342.8815416926557,0.21739130434782608
2026-08-10T05:51,J6,penuh_naik,500,2500,180.0,845,2748.4854712595097,103.30000000000001,377.0,647.3,544.0,707.6,2.1169539444925536,4.041890398911043,5.3044181034482785,264.70588235294116,347.38959641767707,0.22666666666666668
2026-08-10T05:51,J6,penuh_turun,2500,500,180.0,845,-2725.0523351648353,145.0,409.5,669.3,524.3,748.2,1.1354757225400596,4.1580047074802,5.024245689655172,274.651916841503,331.87040574148347,0.21845833333333328
2026-08-10T05:51,J6,setengah_naik,1500,2000,45.0,845,702.5441462383772,13.900000000000006,127.6,197.2,183.29999999999998,271.4,1.8421003315777351,3.0662046753447996,4.698275862068962,196.3993453355156,300.93826121122714,0.30549999999999994
2026-08-10T05:51,J6,setengah_turun,1500,1000,45.0,845,-677.2988482671175,70.80000000000001,138.0,214.60000000000002,143.8,270.3,0.05263686431060866,3.7680047191494714,5.05657327586207,250.34770514603613,335.9607033084045,0.2396666666666667
2026-08-10T05:51,J6,60deg_naik,1500,2167,60.03,845,906.7650781910395,18.599999999999994,160.1,254.0,235.4,299.3,3.143938466570337,3.0816145393068464,5.396012931034479,204.01019541206458,357.22886119105146,0.29410294852573715
2026-08-10T05:51,J6,60deg_turun,1500,833,60.03,845,-914.846608199493,80.0,169.4,261.0,181.0,316.7,0.04155642174168442,4.043520920218754,5.0161637931034475,265.32596685082876,329.1484165773254,0.22613693153423287
2026-08-10T05:52,GRIP,penuh_naik,500,2500,180.0,845,2825.1612848689774,52.19999999999999,152.0,249.39999999999998,197.2,286.5,0.7051228577588793,11.461100547135812,12.615840517241377,730.2231237322515,803.7952754292977,0.08216666666666668
2026-08-10T05:52,GRIP,penuh_turun,2500,500,180.0,845,-2825.902292899408,74.19999999999999,170.5,259.8,185.60000000000002,290.0,0.01274662260959248,12.180613331462967,12.83674568965517,775.8620689655173,817.6553838905783,0.07733333333333332
2026-08-10T05:52,GRIP,setengah_naik,1500,2000,45.0,845,715.8194526627219,13.900000000000006,58.0,97.4,83.5,119.5,0.06189372692095372,6.858150444672786,8.65301724137931,431.13772455089827,543.9720510718486,0.13916666666666663
2026-08-10T05:52,GRIP,setengah_turun,1500,1000,45.0,845,-682.2400359256129,33.599999999999994,53.400000000000006,83.5,49.900000000000006,111.4,0.08076856735782058,10.937716006823452,12.109374999999998,721.442885771543,798.7245636511058,0.08316666666666667
2026-08-10T05:52,GRIP,60deg_naik,1500,2167,60.03,845,933.89345942519,16.200000000000003,70.80000000000001,113.69999999999999,97.49999999999999,135.7,4.612537222229411,7.662715564514381,10.245150862068964,492.5538461538463,658.5509300263668,0.1218140929535232
2026-08-10T05:52,GRIP,60deg_turun,1500,833,60.03,845,-930.6814032121725,34.8,66.1,100.9,66.10000000000001,121.80000000000001,0.04037253174647729,11.263920159905265,13.05226293103448,726.5355521936458,841.8856775752881,0.08258370814592705
