sesi,servo,us,mv_naik,mv_turun,mv_rerata,sisa_mv,histeresis_mv
2026-08-10T05:43,J5,500,282.594,281.828,282.211,-3.020062770562504,0.7660000000000196
2026-08-10T05:43,J5,600,421.883,420.727,421.30499999999995,-1.2727517316014882,1.156000000000006
2026-08-10T05:43,J5,700,552.734,551.367,552.0505,-7.873940692640417,1.3670000000000755
2026-08-10T05:43,J5,800,689.43,683.055,686.2425,-11.028629653679559,6.375
2026-08-10T05:43,J5,900,851.758,843.617,847.6875,13.069681385281683,8.141000000000076
2026-08-10T05:43,J5,1000,979.805,983.281,981.5429999999999,9.57849242424254,3.475999999999999
2026-08-10T05:43,J5,1100,1120.742,1117.039,1118.8905,9.579303463203587,3.7029999999999745
2026-08-10T05:43,J5,1200,1250.672,1246.172,1248.422,1.76411450216483,4.5
2026-08-10T05:43,J5,1300,1384.273,1381.555,1382.914,-1.0905744588742436,2.717999999999847
2026-08-10T05:43,J5,1400,1510.555,1523.227,1516.891,-4.46026341991319,12.672000000000025
2026-08-10T05:43,J5,1500,1643.094,1655.352,1649.223,-9.474952380952345,12.258000000000038
2026-08-10T05:43,J5,1600,1789.039,1788.453,1788.746,-7.298641341991242,0.5860000000000127
2026-08-10T05:43,J5,1700,1941.328,1954.586,1947.9569999999999,14.565669696969962,13.258000000000038
2026-08-10T05:43,J5,1800,2078.836,2084.844,2081.84,11.101980735931193,6.008000000000266
2026-08-10T05:43,J5,1900,2215.945,2215.453,2215.699,7.614291774892081,0.4920000000001892
2026-08-10T05:43,J5,2000,2354.594,2306.93,2330.7619999999997,-14.669397186147307,47.664000000000215
2026-08-10T05:43,J5,2100,2477.789,2483.945,2480.867,-1.9110861471858698,6.155999999999949
2026-08-10T05:43,J5,2200,2614.305,2621.109,2617.707,-2.4177751082252144,6.804000000000087
2026-08-10T05:43,J5,2300,2750.828,2751.43,2751.129,-6.3424640692637695,0.6019999999998618
2026-08-10T05:43,J5,2400,2882.25,2882.5,2882.375,-12.44315303030271,0.25
2026-08-10T05:43,J5,2500,3047.742,3048.648,3048.195,16.030158008658418,0.9059999999999491
2026-08-10T05:45,J6,500,297.094,294.789,295.9415,-1.1688030303030246,2.305000000000007
2026-08-10T05:45,J6,600,427.07,434.703,430.88649999999996,-3.781639393939372,7.632999999999981
2026-08-10T05:45,J6,700,561.461,567.969,564.715,-7.510975757575693,6.508000000000038
2026-08-10T05:45,J6,800,698.859,699.688,699.2735,-10.51031212121211,0.8289999999999509
2026-08-10T05:45,J6,900,855.25,862.75,859.0,11.65835151515148,7.5
2026-08-10T05:45,J6,1000,991.969,991.391,991.6800000000001,6.7805151515151465,0.5780000000000882
2026-08-10T05:45,J6,1100,1133.188,1128.727,1130.9575,8.500178787878895,4.461000000000013
2026-08-10T05:45,J6,1200,1260.531,1268.219,1264.375,4.359842424242515,7.688000000000102
2026-08-10T05:45,J6,1300,1392.984,1401.477,1397.2305000000001,-0.34249393939376205,8.493000000000166
2026-08-10T05:45,J6,1400,1526.719,1532.516,1529.6175,-5.513330303030216,5.7970000000000255
2026-08-10T05:45,J6,1500,1664.117,1668.281,1666.199,-6.489666666666608,4.163999999999987
2026-08-10T05:45,J6,1600,1797.328,1801.031,1799.1795,-11.067003030303113,3.7029999999999745
2026-08-10T05:45,J6,1700,1960.094,1963.945,1962.0194999999999,14.215160606060408,3.8509999999998854
2026-08-10T05:45,J6,1800,2095.18,2098.102,2096.6409999999996,11.27882424242398,2.9220000000000255
2026-08-10T05:45,J6,1900,2224.062,2228.727,2226.3945,3.474487878787386,4.664999999999964
2026-08-10T05:45,J6,2000,2364.594,2359.32,2361.9570000000003,1.479151515151898,5.273999999999887
2026-08-10T05:45,J6,2100,2494.008,2498.547,2496.2775,-1.7581848484851434,4.539000000000215
2026-08-10T05:45,J6,2200,2630.977,2632.5,2631.7385,-3.8550212121213008,1.5230000000001382
2026-08-10T05:45,J6,2300,2761.812,2768.039,2764.9255000000003,-8.22585757575689,6.2270000000003165
2026-08-10T05:45,J6,2400,2895.852,2902.703,2899.2775,-11.431693939393881,6.851000000000113
2026-08-10T05:45,J6,2500,3058.109,3058.242,3058.1755000000003,9.908469696970315,0.13300000000026557
2026-08-10T05:45,GRIP,500,202.594,202.148,202.37099999999998,10.254170995670734,0.44599999999999795
2026-08-10T05:45,GRIP,600,310.0,341.289,325.6445,-7.7418556277058315,31.288999999999987
2026-08-10T05:45,GRIP,700,454.32,474.625,464.47249999999997,-10.183382251082435,20.305000000000007
2026-08-10T05:45,GRIP,800,582.5,605.094,593.797,-22.128408874458955,22.59400000000005
2026-08-10T05:45,GRIP,900,757.398,780.711,769.0545,11.859564502164176,23.312999999999988
2026-08-10T05:45,GRIP,1000,896.719,922.133,909.426,10.96153787878768,25.413999999999987
2026-08-10T05:45,GRIP,1100,1042.547,1057.031,1049.789,10.055011255411046,14.483999999999924
2026-08-10T05:45,GRIP,1200,1171.992,1197.547,1184.7694999999999,3.7659846320343604,25.555000000000064
2026-08-10T05:45,GRIP,1300,1306.812,1327.43,1317.121,-5.152041991342003,20.618000000000166
2026-08-10T05:45,GRIP,1400,1449.359,1471.391,1460.375,-3.1675686147186752,22.032000000000153
2026-08-10T05:45,GRIP,1500,1589.773,1606.938,1598.3555000000001,-6.45659523809536,17.16500000000019
2026-08-10T05:45,GRIP,1600,1723.258,1747.5,1735.379,-10.702621861471926,24.241999999999962
2026-08-10T05:45,GRIP,1700,1889.203,1914.602,1901.9025000000001,14.55135151515151,25.399000000000115
2026-08-10T05:45,GRIP,1800,2025.07,2051.836,2038.453,9.832324891774533,26.76599999999985
2026-08-10T05:45,GRIP,1900,2161.008,2191.859,2176.4335,6.543298268398303,30.851000000000113
2026-08-10T05:45,GRIP,2000,2308.82,2322.398,2315.6090000000004,4.449271645021781,13.577999999999975
2026-08-10T05:45,GRIP,2100,2435.445,2465.539,2450.492,-1.9372549783547584,30.09400000000005
2026-08-10T05:45,GRIP,2200,2576.961,2608.625,2592.7929999999997,-0.9057816017320874,31.664000000000215
2026-08-10T05:45,GRIP,2300,2714.953,2742.203,2728.578,-6.390308225108583,27.25
2026-08-10T05:45,GRIP,2400,2851.422,2884.359,2867.8905,-8.347334848484934,32.9369999999999
2026-08-10T05:45,GRIP,2500,3018.258,3018.438,3018.348,0.8406385281382427,0.18000000000029104
