sesi,servo,ulangan,asal,us_target,mv
2026-08-10T05:47,J5,1,bawah,1500,1648.469
2026-08-10T05:47,J5,1,atas,1500,1656.578
2026-08-10T05:47,J5,2,bawah,1500,1648.891
2026-08-10T05:47,J5,2,atas,1500,1657.648
2026-08-10T05:47,J5,3,bawah,1500,1648.672
2026-08-10T05:47,J5,3,atas,1500,1656.133
2026-08-10T05:47,J5,4,bawah,1500,1648.219
2026-08-10T05:47,J5,4,atas,1500,1661.469
2026-08-10T05:47,J5,5,bawah,1500,1649.125
2026-08-10T05:47,J5,5,atas,1500,1656.031
2026-08-10T05:47,J5,6,bawah,1500,1649.328
2026-08-10T05:47,J5,6,atas,1500,1663.125
2026-08-10T05:47,J5,7,bawah,1500,1649.336
2026-08-10T05:47,J5,7,atas,1500,1663.664
2026-08-10T05:47,J5,8,bawah,1500,1648.008
2026-08-10T05:47,J5,8,atas,1500,1663.031
2026-08-10T05:47,J5,9,bawah,1500,1649.305
2026-08-10T05:47,J5,9,atas,1500,1660.078
2026-08-10T05:47,J5,10,bawah,1500,1648.5
2026-08-10T05:47,J5,10,atas,1500,1662.102
2026-08-10T05:48,J6,1,bawah,1500,1662.344
2026-08-10T05:48,J6,1,atas,1500,1666.023
2026-08-10T05:48,J6,2,bawah,1500,1662.578
2026-08-10T05:48,J6,2,atas,1500,1669.266
2026-08-10T05:48,J6,3,bawah,1500,1665.0
2026-08-10T05:48,J6,3,atas,1500,1667.195
2026-08-10T05:48,J6,4,bawah,1500,1664.703
2026-08-10T05:48,J6,4,atas,1500,1668.242
2026-08-10T05:48,J6,5,bawah,1500,1665.539
2026-08-10T05:48,J6,5,atas,1500,1667.773
2026-08-10T05:48,J6,6,bawah,1500,1664.211
2026-08-10T05:48,J6,6,atas,1500,1669.242
2026-08-10T05:48,J6,7,bawah,1500,1662.242
2026-08-10T05:48,J6,7,atas,1500,1669.703
2026-08-10T05:48,J6,8,bawah,1500,1665.352
2026-08-10T05:48,J6,8,atas,1500,1667.766
2026-08-10T05:48,J6,9,bawah,1500,1662.508
2026-08-10T05:48,J6,9,atas,1500,1668.258
2026-08-10T05:48,J6,10,bawah,1500,1668.125
2026-08-10T05:48,J6,10,atas,1500,1668.961
2026-08-10T05:48,GRIP,1,bawah,1500,1592.68
2026-08-10T05:48,GRIP,1,atas,1500,1599.977
2026-08-10T05:48,GRIP,2,bawah,1500,1590.414
2026-08-10T05:48,GRIP,2,atas,1500,1597.844
2026-08-10T05:48,GRIP,3,bawah,1500,1592.039
2026-08-10T05:48,GRIP,3,atas,1500,1600.234
2026-08-10T05:48,GRIP,4,bawah,1500,1591.641
2026-08-10T05:48,GRIP,4,atas,1500,1600.742
2026-08-10T05:48,GRIP,5,bawah,1500,1592.555
2026-08-10T05:48,GRIP,5,atas,1500,1601.047
2026-08-10T05:48,GRIP,6,bawah,1500,1594.508
2026-08-10T05:48,GRIP,6,atas,1500,1597.258
2026-08-10T05:48,GRIP,7,bawah,1500,1591.805
2026-08-10T05:48,GRIP,7,atas,1500,1600.055
2026-08-10T05:48,GRIP,8,bawah,1500,1593.102
2026-08-10T05:48,GRIP,8,atas,1500,1596.977
2026-08-10T05:48,GRIP,9,bawah,1500,1606.523
2026-08-10T05:48,GRIP,9,atas,1500,1596.328
2026-08-10T05:48,GRIP,10,bawah,1500,1594.938
2026-08-10T05:48,GRIP,10,atas,1500,1596.906
