sesi,servo,arah,us,mv,sd_mv,delta_mv,n_coba
2026-08-10T05:37,J5,turun,1480,1624.542,0.262,33.44800000000009,3
2026-08-10T05:37,J5,turun,1460,1597.448,0.165,27.093999999999824,2
2026-08-10T05:37,J5,turun,1440,1575.625,0.051,21.823000000000093,2
2026-08-10T05:37,J5,turun,1420,1542.531,0.154,33.09400000000005,2
2026-08-10T05:37,J5,turun,1400,1510.125,0.153,32.40599999999995,2
2026-08-10T05:37,J5,turun,1380,1484.969,0.054,25.15599999999995,1
2026-08-10T05:37,J5,turun,1360,1461.781,1.226,23.188000000000102,1
2026-08-10T05:37,J5,turun,1340,1426.302,0.139,35.47900000000004,2
2026-08-10T05:37,J5,turun,1320,1405.083,0.164,21.218999999999824,1
2026-08-10T05:37,J5,turun,1300,1382.312,0.18,22.771000000000186,1
2026-08-10T05:37,J5,turun,1280,1351.375,0.135,30.936999999999898,1
2026-08-10T05:37,J5,turun,1260,1326.594,0.145,24.78099999999995,1
2026-08-10T05:37,J5,turun,1240,1300.948,0.08,25.645999999999958,1
2026-08-10T05:37,J5,turun,1220,1273.292,0.179,27.656000000000176,1
2026-08-10T05:37,J5,turun,1200,1246.583,0.332,26.708999999999833,1
2026-08-10T05:37,J5,turun,1180,1219.417,0.118,27.166000000000167,2
2026-08-10T05:37,J5,turun,1160,1199.49,0.148,19.926999999999907,1
2026-08-10T05:37,J5,turun,1140,1160.542,0.147,38.94800000000009,1
2026-08-10T05:37,J5,turun,1120,1138.708,0.147,21.833999999999833,2
2026-08-10T05:37,J5,turun,1100,1115.281,0.145,23.427000000000135,1
2026-08-10T05:37,J5,turun,1080,1087.802,0.165,27.479000000000042,3
2026-08-10T05:37,J5,turun,1060,1067.469,0.178,20.332999999999856,1
2026-08-10T05:37,J5,turun,1040,1038.625,0.135,28.84400000000005,1
2026-08-10T05:37,J5,turun,1020,1011.344,0.154,27.28099999999995,1
2026-08-10T05:37,J5,turun,1000,986.979,0.216,24.36500000000001,1
2026-08-10T05:37,J5,turun,980,957.365,0.13,29.614000000000033,1
2026-08-10T05:37,J5,turun,960,929.938,0.157,27.42700000000002,1
2026-08-10T05:37,J5,turun,940,900.812,0.149,29.125999999999976,2
2026-08-10T05:37,J5,turun,920,936.156,201.966,35.34399999999994,5
2026-08-10T05:37,J5,turun,900,842.792,0.281,93.36399999999992,2
2026-08-10T05:37,J5,turun,880,815.167,0.156,27.625,5
2026-08-10T05:37,J5,turun,860,791.125,0.153,24.04200000000003,1
2026-08-10T05:37,J5,turun,840,759.458,0.106,31.66700000000003,1
2026-08-10T05:37,J5,turun,820,720.521,0.168,38.93700000000001,1
2026-08-10T05:37,J5,turun,800,683.042,0.281,37.47899999999993,2
2026-08-10T05:37,J5,turun,780,662.458,0.118,20.58400000000006,1
2026-08-10T05:37,J5,turun,760,636.49,0.13,25.96799999999996,3
2026-08-10T05:37,J5,turun,740,605.688,0.13,30.80200000000002,1
2026-08-10T05:37,J5,turun,720,580.354,0.112,25.333999999999946,1
2026-08-10T05:37,J5,turun,700,553.094,0.513,27.25999999999999,3
2026-08-10T05:37,J5,turun,680,530.167,0.193,22.92700000000002,1
2026-08-10T05:37,J5,turun,660,498.125,0.161,32.04200000000003,1
2026-08-10T05:37,J5,turun,640,479.521,0.123,18.603999999999985,3
2026-08-10T05:37,J5,turun,620,444.052,0.119,35.468999999999994,3
2026-08-10T05:37,J5,turun,600,422.927,0.108,21.125,2
2026-08-10T05:37,J5,turun,580,386.49,0.08,36.43700000000001,1
2026-08-10T05:37,J5,turun,560,363.844,0.17,22.646000000000015,4
2026-08-10T05:37,J5,turun,540,342.562,0.12,21.281999999999982,1
2026-08-10T05:37,J5,turun,520,322.26,0.13,20.30200000000002,1
2026-08-10T05:37,J5,turun,500,282.812,0.095,39.44799999999998,1
2026-08-10T05:37,J5,naik,1520,1674.448,0.095,25.396000000000186,2
2026-08-10T05:37,J5,naik,1540,1705.948,0.062,31.5,1
2026-08-10T05:37,J5,naik,1560,1739.375,0.102,33.42699999999991,3
2026-08-10T05:37,J5,naik,1580,1766.292,0.147,26.916999999999916,1
2026-08-10T05:37,J5,naik,1600,1793.896,0.086,27.604000000000042,3
2026-08-10T05:37,J5,naik,1620,1813.094,0.104,19.198000000000093,1
2026-08-10T05:37,J5,naik,1640,1845.208,0.147,32.11400000000003,2
2026-08-10T05:37,J5,naik,1660,1867.26,0.035,22.051999999999907,2
2026-08-10T05:37,J5,naik,1680,1918.51,0.165,51.25,1
2026-08-10T05:37,J5,naik,1700,1948.792,0.164,30.281999999999925,1
2026-08-10T05:37,J5,naik,1720,1980.823,0.157,32.031000000000176,1
2026-08-10T05:37,J5,naik,1740,1999.812,0.149,18.988999999999805,3
2026-08-10T05:37,J5,naik,1760,2022.552,0.139,22.74000000000001,3
2026-08-10T05:37,J5,naik,1780,2012.375,122.602,10.176999999999907,5
2026-08-10T05:37,J5,naik,1800,2078.469,0.104,66.09400000000005,2
2026-08-10T05:37,J5,naik,1820,2113.135,0.13,34.66600000000017,1
2026-08-10T05:37,J5,naik,1840,2130.042,0.164,16.906999999999698,1
2026-08-10T05:37,J5,naik,1860,2159.302,0.139,29.26000000000022,1
2026-08-10T05:37,J5,naik,1880,2193.812,0.149,34.50999999999976,1
2026-08-10T05:37,J5,naik,1900,2211.99,0.139,18.177999999999884,4
2026-08-10T05:37,J5,naik,1920,2240.667,0.147,28.677000000000135,1
2026-08-10T05:37,J5,naik,1940,2261.479,0.112,20.811999999999898,1
2026-08-10T05:37,J5,naik,1960,2297.729,0.143,36.25,3
2026-08-10T05:37,J5,naik,1980,2315.781,0.198,18.052000000000135,1
2026-08-10T05:37,J5,naik,2000,2351.521,0.244,35.74000000000024,1
2026-08-10T05:37,J5,naik,2020,2376.146,0.152,24.625,2
2026-08-10T05:37,J5,naik,2040,2404.854,0.16,28.70799999999963,2
2026-08-10T05:37,J5,naik,2060,2429.521,0.123,24.66700000000037,1
2026-08-10T05:37,J5,naik,2080,2461.271,0.133,31.75,2
2026-08-10T05:37,J5,naik,2100,2484.802,0.173,23.53099999999995,1
2026-08-10T05:37,J5,naik,2120,2517.052,1.989,32.25,2
2026-08-10T05:37,J5,naik,2140,2541.042,0.193,23.98999999999978,2
2026-08-10T05:37,J5,naik,2160,2559.927,0.165,18.88500000000022,2
2026-08-10T05:37,J5,naik,2180,2587.604,0.1,27.67699999999968,4
2026-08-10T05:37,J5,naik,2200,2619.802,0.13,32.19800000000032,3
2026-08-10T05:37,J5,naik,2220,2645.25,0.354,25.447999999999865,1
2026-08-10T05:37,J5,naik,2240,2671.812,0.12,26.561999999999898,2
2026-08-10T05:37,J5,naik,2260,2697.49,0.139,25.677999999999884,1
2026-08-10T05:37,J5,naik,2280,2732.042,0.206,34.552000000000135,2
2026-08-10T05:37,J5,naik,2300,2745.667,0.179,13.625,4
2026-08-10T05:37,J5,naik,2320,2782.635,0.207,36.9680000000003,2
2026-08-10T05:37,J5,naik,2340,2810.167,2.306,27.531999999999698,1
2026-08-10T05:37,J5,naik,2360,2826.917,0.212,16.75,5
2026-08-10T05:37,J5,naik,2380,2858.094,0.104,31.177000000000135,1
2026-08-10T05:37,J5,naik,2400,2880.344,0.17,22.25,1
2026-08-10T05:37,J5,naik,2420,2900.51,0.207,20.166000000000167,2
2026-08-10T05:37,J5,naik,2440,2941.104,0.16,40.593999999999596,3
2026-08-10T05:37,J5,naik,2460,2958.583,0.172,17.47900000000027,1
2026-08-10T05:37,J5,naik,2480,2995.26,0.157,36.677000000000135,3
2026-08-10T05:37,J5,naik,2500,3047.458,0.128,52.197999999999865,2
2026-08-10T05:40,J6,turun,1480,1640.323,0.08,21.811999999999898,1
2026-08-10T05:40,J6,turun,1460,1612.375,0.072,27.948000000000093,1
2026-08-10T05:40,J6,turun,1440,1587.229,0.069,25.145999999999958,1
2026-08-10T05:40,J6,turun,1420,1561.667,0.106,25.562000000000126,1
2026-08-10T05:40,J6,turun,1400,1532.812,0.095,28.855000000000018,1
2026-08-10T05:40,J6,turun,1380,1510.156,0.145,22.65599999999995,1
2026-08-10T05:40,J6,turun,1360,1482.656,0.17,27.5,1
2026-08-10T05:40,J6,turun,1340,1451.167,0.147,31.489000000000033,1
2026-08-10T05:40,J6,turun,1320,1426.281,0.145,24.885999999999967,1
2026-08-10T05:40,J6,turun,1300,1401.979,0.047,24.301999999999907,1
2026-08-10T05:40,J6,turun,1280,1369.427,0.062,32.552000000000135,1
2026-08-10T05:40,J6,turun,1260,1346.188,0.081,23.238999999999805,1
2026-08-10T05:40,J6,turun,1240,1317.688,0.12,28.5,1
2026-08-10T05:40,J6,turun,1220,1291.917,0.118,25.771000000000186,1
2026-08-10T05:40,J6,turun,1200,1265.125,0.153,26.791999999999916,1
2026-08-10T05:40,J6,turun,1180,1239.344,0.136,25.78099999999995,1
2026-08-10T05:40,J6,turun,1160,1208.635,0.194,30.70900000000006,1
2026-08-10T05:40,J6,turun,1140,1186.875,0.153,21.75999999999999,1
2026-08-10T05:40,J6,turun,1120,1160.385,0.165,26.49000000000001,1
2026-08-10T05:40,J6,turun,1100,1128.646,0.047,31.739000000000033,1
2026-08-10T05:40,J6,turun,1080,1104.802,0.08,23.84400000000005,1
2026-08-10T05:40,J6,turun,1060,1076.448,0.062,28.353999999999814,1
2026-08-10T05:40,J6,turun,1040,1051.521,0.047,24.927000000000135,1
2026-08-10T05:40,J6,turun,1020,1023.677,0.13,27.843999999999937,1
2026-08-10T05:40,J6,turun,1000,994.708,0.138,28.96900000000005,1
2026-08-10T05:40,J6,turun,980,970.021,0.133,24.687000000000012,1
2026-08-10T05:40,J6,turun,960,943.406,0.126,26.61500000000001,1
2026-08-10T05:40,J6,turun,940,916.656,0.185,26.75,1
2026-08-10T05:40,J6,turun,920,888.146,0.069,28.50999999999999,1
2026-08-10T05:40,J6,turun,900,862.188,0.062,25.95799999999997,1
2026-08-10T05:40,J6,turun,880,833.208,0.078,28.980000000000018,1
2026-08-10T05:40,J6,turun,860,803.49,0.13,29.71799999999996,1
2026-08-10T05:40,J6,turun,840,777.802,0.062,25.687999999999988,1
2026-08-10T05:40,J6,turun,820,730.698,0.13,47.10400000000004,1
2026-08-10T05:40,J6,turun,800,700.427,0.148,30.270999999999958,1
2026-08-10T05:40,J6,turun,780,672.729,0.133,27.69799999999998,1
2026-08-10T05:40,J6,turun,760,649.521,0.143,23.208000000000084,1
2026-08-10T05:40,J6,turun,740,616.885,0.108,32.63599999999997,1
2026-08-10T05:40,J6,turun,720,596.75,0.051,20.13499999999999,1
2026-08-10T05:40,J6,turun,700,566.042,0.093,30.70799999999997,1
2026-08-10T05:40,J6,turun,680,539.583,0.093,26.45900000000006,1
2026-08-10T05:40,J6,turun,660,514.427,0.13,25.15599999999995,1
2026-08-10T05:40,J6,turun,640,486.458,0.118,27.968999999999994,1
2026-08-10T05:40,J6,turun,620,458.458,0.147,28.0,1
2026-08-10T05:40,J6,turun,600,434.271,0.069,24.187000000000012,1
2026-08-10T05:40,J6,turun,580,404.479,0.152,29.79200000000003,1
2026-08-10T05:40,J6,turun,560,379.677,0.165,24.801999999999964,1
2026-08-10T05:40,J6,turun,540,350.698,0.236,28.979000000000042,1
2026-08-10T05:40,J6,turun,520,329.208,0.106,21.489999999999952,1
2026-08-10T05:40,J6,turun,500,303.49,0.035,25.718000000000018,1
2026-08-10T05:40,J6,naik,1520,1689.76,0.157,29.801999999999907,1
2026-08-10T05:40,J6,naik,1540,1712.99,0.062,23.230000000000018,1
2026-08-10T05:40,J6,naik,1560,1743.333,0.059,30.343000000000075,1
2026-08-10T05:40,J6,naik,1580,1771.802,0.062,28.468999999999824,1
2026-08-10T05:40,J6,naik,1600,1797.844,0.145,26.042000000000144,1
2026-08-10T05:40,J6,naik,1620,1822.677,0.139,24.832999999999856,1
2026-08-10T05:40,J6,naik,1640,1852.062,0.173,29.38499999999999,1
2026-08-10T05:40,J6,naik,1660,1877.885,0.139,25.823000000000093,1
2026-08-10T05:40,J6,naik,1680,1930.51,0.157,52.625,1
2026-08-10T05:40,J6,naik,1700,1957.802,0.165,27.291999999999916,1
2026-08-10T05:40,J6,naik,1720,1985.531,0.285,27.729000000000042,1
2026-08-10T05:40,J6,naik,1740,2010.885,0.119,25.354000000000042,1
2026-08-10T05:40,J6,naik,1760,2035.823,0.157,24.938000000000102,1
2026-08-10T05:40,J6,naik,1780,2065.219,0.116,29.395999999999958,1
2026-08-10T05:40,J6,naik,1800,2094.823,0.08,29.603999999999814,1
2026-08-10T05:40,J6,naik,1820,2120.0,0.0,25.177000000000135,1
2026-08-10T05:40,J6,naik,1840,2145.854,0.069,25.853999999999814,1
2026-08-10T05:40,J6,naik,1860,2170.479,0.047,24.625,1
2026-08-10T05:40,J6,naik,1880,2197.979,0.112,27.5,1
2026-08-10T05:40,J6,naik,1900,2223.417,0.128,25.438000000000102,1
2026-08-10T05:40,J6,naik,1920,2251.656,0.162,28.239000000000033,1
2026-08-10T05:40,J6,naik,1940,2275.927,0.139,24.271000000000186,1
2026-08-10T05:40,J6,naik,1960,2303.875,0.184,27.947999999999865,1
2026-08-10T05:40,J6,naik,1980,2330.792,0.138,26.916999999999916,1
2026-08-10T05:40,J6,naik,2000,2359.24,0.095,28.447999999999865,1
2026-08-10T05:40,J6,naik,2020,2382.26,0.108,23.020000000000437,1
2026-08-10T05:40,J6,naik,2040,2409.542,0.059,27.281999999999698,1
2026-08-10T05:40,J6,naik,2060,2435.646,0.176,26.10400000000027,1
2026-08-10T05:40,J6,naik,2080,2465.146,0.143,29.5,1
2026-08-10T05:40,J6,naik,2100,2489.49,0.157,24.343999999999596,1
2026-08-10T05:40,J6,naik,2120,2517.698,0.108,28.208000000000084,1
2026-08-10T05:40,J6,naik,2140,2545.25,0.153,27.552000000000135,1
2026-08-10T05:40,J6,naik,2160,2571.74,0.139,26.48999999999978,1
2026-08-10T05:40,J6,naik,2180,2596.708,1.215,24.968000000000302,1
2026-08-10T05:40,J6,naik,2200,2624.271,0.069,27.563000000000102,1
2026-08-10T05:40,J6,naik,2220,2651.885,0.062,27.614000000000033,1
2026-08-10T05:40,J6,naik,2240,2681.031,0.054,29.14599999999973,1
2026-08-10T05:40,J6,naik,2260,2707.271,0.367,26.240000000000236,1
2026-08-10T05:40,J6,naik,2280,2733.135,0.13,25.864000000000033,1
2026-08-10T05:40,J6,naik,2300,2757.771,0.16,24.635999999999967,1
2026-08-10T05:40,J6,naik,2320,2787.781,0.145,30.009999999999764,1
2026-08-10T05:40,J6,naik,2340,2813.5,0.161,25.71900000000005,1
2026-08-10T05:40,J6,naik,2360,2840.094,0.145,26.59400000000005,1
2026-08-10T05:40,J6,naik,2380,2865.271,0.19,25.177000000000135,1
2026-08-10T05:40,J6,naik,2400,2894.583,0.078,29.311999999999898,1
2026-08-10T05:40,J6,naik,2420,2921.479,0.505,26.89599999999973,1
2026-08-10T05:40,J6,naik,2440,2948.156,0.251,26.677000000000135,1
2026-08-10T05:40,J6,naik,2460,2975.021,0.16,26.865000000000236,1
2026-08-10T05:40,J6,naik,2480,3000.792,0.138,25.77099999999973,1
2026-08-10T05:40,J6,naik,2500,3055.76,0.407,54.9680000000003,1
2026-08-10T05:41,GRIP,turun,1480,1579.302,0.08,26.75,1
2026-08-10T05:41,GRIP,turun,1460,1556.646,0.112,22.65599999999995,1
2026-08-10T05:41,GRIP,turun,1440,1522.792,0.059,33.85400000000004,1
2026-08-10T05:41,GRIP,turun,1420,1493.51,0.062,29.281999999999925,1
2026-08-10T05:41,GRIP,turun,1400,1473.979,0.123,19.53099999999995,1
2026-08-10T05:41,GRIP,turun,1380,1445.031,0.145,28.948000000000093,1
2026-08-10T05:41,GRIP,turun,1360,1419.667,0.428,25.364000000000033,1
2026-08-10T05:41,GRIP,turun,1340,1390.302,0.062,29.36500000000001,1
2026-08-10T05:41,GRIP,turun,1320,1362.323,0.08,27.978999999999814,1
2026-08-10T05:41,GRIP,turun,1300,1328.25,0.153,34.07300000000009,1
2026-08-10T05:41,GRIP,turun,1280,1310.844,0.054,17.40599999999995,1
2026-08-10T05:41,GRIP,turun,1260,1280.125,0.088,30.71900000000005,1
2026-08-10T05:41,GRIP,turun,1240,1252.771,0.069,27.354000000000042,1
2026-08-10T05:41,GRIP,turun,1220,1226.594,0.054,26.176999999999907,1
2026-08-10T05:41,GRIP,turun,1200,1198.885,0.062,27.70900000000006,1
2026-08-10T05:41,GRIP,turun,1180,1170.125,0.114,28.75999999999999,1
2026-08-10T05:41,GRIP,turun,1160,1144.229,0.069,25.895999999999958,1
2026-08-10T05:41,GRIP,turun,1140,1110.479,0.086,33.75,1
2026-08-10T05:41,GRIP,turun,1120,1085.229,0.047,25.25,1
2026-08-10T05:41,GRIP,turun,1100,1061.094,0.104,24.13499999999999,1
2026-08-10T05:41,GRIP,turun,1080,1032.167,0.106,28.927000000000135,1
2026-08-10T05:41,GRIP,turun,1060,1004.76,0.119,27.406999999999925,1
2026-08-10T05:41,GRIP,turun,1040,961.677,0.157,43.08299999999997,1
2026-08-10T05:41,GRIP,turun,1020,949.781,0.054,11.896000000000072,1
2026-08-10T05:41,GRIP,turun,1000,923.073,0.119,26.70799999999997,1
2026-08-10T05:41,GRIP,turun,980,889.542,0.128,33.53099999999995,1
2026-08-10T05:41,GRIP,turun,960,866.417,0.078,23.125,1
2026-08-10T05:41,GRIP,turun,940,836.354,0.047,30.062999999999988,1
2026-08-10T05:41,GRIP,turun,920,810.208,0.059,26.146000000000072,1
2026-08-10T05:41,GRIP,turun,900,779.135,0.062,31.07299999999998,1
2026-08-10T05:41,GRIP,turun,880,754.438,0.108,24.697000000000003,1
2026-08-10T05:41,GRIP,turun,860,725.927,0.062,28.510999999999967,1
2026-08-10T05:41,GRIP,turun,840,700.719,0.24,25.20799999999997,1
2026-08-10T05:41,GRIP,turun,820,643.115,0.062,57.60400000000004,1
2026-08-10T05:41,GRIP,turun,800,608.781,0.074,34.33400000000006,1
2026-08-10T05:41,GRIP,turun,780,588.302,0.148,20.478999999999928,1
2026-08-10T05:41,GRIP,turun,760,562.542,0.059,25.75999999999999,1
2026-08-10T05:41,GRIP,turun,740,533.031,0.074,29.51100000000008,1
2026-08-10T05:41,GRIP,turun,720,502.844,0.054,30.186999999999955,1
2026-08-10T05:41,GRIP,turun,700,479.438,0.108,23.406000000000006,1
2026-08-10T05:41,GRIP,turun,680,451.5,0.382,27.937999999999988,1
2026-08-10T05:41,GRIP,turun,660,427.417,0.059,24.083000000000027,1
2026-08-10T05:41,GRIP,turun,640,397.771,0.112,29.645999999999958,1
2026-08-10T05:41,GRIP,turun,620,367.844,0.054,29.92700000000002,1
2026-08-10T05:41,GRIP,turun,600,342.417,0.093,25.42700000000002,1
2026-08-10T05:41,GRIP,turun,580,315.427,0.062,26.989999999999952,1
2026-08-10T05:41,GRIP,turun,560,284.375,0.0,31.05200000000002,1
2026-08-10T05:41,GRIP,turun,540,248.469,0.054,35.906000000000006,1
2026-08-10T05:41,GRIP,turun,520,232.198,0.18,16.270999999999987,1
2026-08-10T05:41,GRIP,turun,500,202.76,0.062,29.438000000000017,1
2026-08-10T05:41,GRIP,naik,1520,1609.104,0.069,17.41599999999994,1
2026-08-10T05:41,GRIP,naik,1540,1635.156,0.074,26.051999999999907,1
2026-08-10T05:41,GRIP,naik,1560,1657.979,0.086,22.823000000000093,1
2026-08-10T05:41,GRIP,naik,1580,1692.177,0.062,34.197999999999865,1
2026-08-10T05:41,GRIP,naik,1600,1719.958,0.093,27.781000000000176,1
2026-08-10T05:41,GRIP,naik,1620,1748.75,0.293,28.791999999999916,1
2026-08-10T05:41,GRIP,naik,1640,1775.188,0.095,26.438000000000102,1
2026-08-10T05:41,GRIP,naik,1660,1805.25,0.125,30.061999999999898,1
2026-08-10T05:41,GRIP,naik,1680,1859.458,0.23,54.208000000000084,1
2026-08-10T05:41,GRIP,naik,1700,1888.01,0.119,28.551999999999907,1
2026-08-10T05:41,GRIP,naik,1720,1916.938,0.12,28.92800000000011,1
2026-08-10T05:41,GRIP,naik,1740,1943.677,0.062,26.738999999999805,1
2026-08-10T05:41,GRIP,naik,1760,1966.438,0.062,22.761000000000195,1
2026-08-10T05:41,GRIP,naik,1780,1997.875,0.102,31.436999999999898,1
2026-08-10T05:41,GRIP,naik,1800,2019.833,0.093,21.958000000000084,1
2026-08-10T05:41,GRIP,naik,1820,2050.031,0.054,30.197999999999865,1
2026-08-10T05:41,GRIP,naik,1840,2076.417,0.219,26.385999999999967,1
2026-08-10T05:41,GRIP,naik,1860,2106.396,0.069,29.97900000000027,1
2026-08-10T05:41,GRIP,naik,1880,2134.073,0.08,27.67699999999968,1
2026-08-10T05:41,GRIP,naik,1900,2162.365,0.157,28.291999999999916,1
2026-08-10T05:41,GRIP,naik,1920,2188.76,0.157,26.395000000000437,1
2026-08-10T05:41,GRIP,naik,1940,2216.396,0.047,27.635999999999967,1
2026-08-10T05:41,GRIP,naik,1960,2243.562,0.062,27.165999999999713,1
2026-08-10T05:41,GRIP,naik,1980,2272.073,0.148,28.510999999999967,1
2026-08-10T05:41,GRIP,naik,2000,2298.958,0.093,26.88500000000022,1
2026-08-10T05:41,GRIP,naik,2020,2324.375,0.191,25.416999999999916,1
2026-08-10T05:41,GRIP,naik,2040,2350.771,0.086,26.396000000000186,1
2026-08-10T05:41,GRIP,naik,2060,2377.312,0.12,26.540999999999713,1
2026-08-10T05:41,GRIP,naik,2080,2407.594,0.17,30.282000000000153,1
2026-08-10T05:41,GRIP,naik,2100,2435.75,0.144,28.15599999999995,1
2026-08-10T05:41,GRIP,naik,2120,2462.688,0.081,26.938000000000102,1
2026-08-10T05:41,GRIP,naik,2140,2492.5,0.072,29.811999999999898,1
2026-08-10T05:41,GRIP,naik,2160,2519.594,0.162,27.09400000000005,1
2026-08-10T05:41,GRIP,naik,2180,2547.135,0.798,27.541000000000167,1
2026-08-10T05:41,GRIP,naik,2200,2574.49,0.08,27.354999999999563,1
2026-08-10T05:41,GRIP,naik,2220,2602.406,0.205,27.916000000000167,1
2026-08-10T05:41,GRIP,naik,2240,2628.75,0.072,26.34400000000005,1
2026-08-10T05:41,GRIP,naik,2260,2657.135,0.08,28.38500000000022,1
2026-08-10T05:41,GRIP,naik,2280,2683.99,0.062,26.854999999999563,1
2026-08-10T05:41,GRIP,naik,2300,2716.219,0.074,32.22900000000027,2
2026-08-10T05:41,GRIP,naik,2320,2738.5,0.421,22.28099999999995,1
2026-08-10T05:41,GRIP,naik,2340,2767.365,0.08,28.86499999999978,1
2026-08-10T05:41,GRIP,naik,2360,2797.896,0.047,30.531000000000404,1
2026-08-10T05:41,GRIP,naik,2380,2823.74,0.108,25.843999999999596,1
2026-08-10T05:41,GRIP,naik,2400,2850.469,0.074,26.72900000000027,1
2026-08-10T05:41,GRIP,naik,2420,2879.875,0.072,29.40599999999995,1
2026-08-10T05:41,GRIP,naik,2440,2906.594,0.054,26.71900000000005,1
2026-08-10T05:41,GRIP,naik,2460,2935.698,0.119,29.103999999999814,1
2026-08-10T05:41,GRIP,naik,2480,2964.833,0.059,29.13500000000022,1
2026-08-10T05:41,GRIP,naik,2500,3015.99,0.062,51.1569999999997,1
