sesi,servo,perintah_deg,terukur_deg,galat_deg,mv
2026-08-10T08:16,J5,-86.4,-86.26,0.14000000000000057,343.367
2026-08-10T08:16,J5,-64.80000000000001,-65.63,-0.8299999999999841,659.727
2026-08-10T08:16,J5,-43.2,-42.77,0.4299999999999997,1009.688
2026-08-10T08:16,J5,-21.599999999999994,-21.71,-0.11000000000000654,1332.656
2026-08-10T08:16,J5,0.0,-0.78,-0.78,1653.281
2026-08-10T08:16,J5,21.599999999999994,22.32,0.720000000000006,2007.117
2026-08-10T08:16,J5,43.20000000000002,43.16,-0.040000000000020464,2325.984
2026-08-10T08:16,J5,64.80000000000001,64.58,-0.22000000000001307,2654.227
2026-08-10T08:16,J5,86.4,85.4,-1.0,2973.758
2026-08-10T08:16,J6,-86.4,-86.74,-0.3399999999999892,350.125
2026-08-10T08:16,J6,-64.80000000000001,-65.79,-0.9899999999999949,671.32
2026-08-10T08:16,J6,-43.2,-42.98,0.22000000000000597,1020.672
2026-08-10T08:16,J6,-21.599999999999994,-21.92,-0.3200000000000074,1342.984
2026-08-10T08:16,J6,0.0,-0.88,-0.88,1665.266
2026-08-10T08:16,J6,21.599999999999994,21.97,0.37000000000000455,2015.289
2026-08-10T08:16,J6,43.20000000000002,42.87,-0.3300000000000196,2335.531
2026-08-10T08:16,J6,64.80000000000001,64.11,-0.6900000000000119,2660.711
2026-08-10T08:16,J6,86.4,84.9,-1.5,2979.531
2026-08-10T08:17,GRIP,3.6,2.78,-0.8200000000000003,246.188
2026-08-10T08:17,GRIP,25.200000000000003,22.95,-2.2500000000000036,562.258
2026-08-10T08:17,GRIP,46.800000000000004,45.77,-1.0300000000000011,919.555
2026-08-10T08:17,GRIP,68.4,67.44,-0.960000000000008,1259.625
2026-08-10T08:17,GRIP,90.0,88.55,-1.4500000000000028,1590.164
2026-08-10T08:17,GRIP,111.6,111.21,-0.39000000000000057,1945.023
2026-08-10T08:17,GRIP,133.20000000000002,132.18,-1.0200000000000102,2273.5
2026-08-10T08:17,GRIP,154.8,153.34,-1.460000000000008,2604.781
2026-08-10T08:17,GRIP,176.4,174.72,-1.6800000000000068,2940.648
